Year,Month,Day,Hour,Minute,zone_windows_transmitted_solar_rate_w,site_outdoor_air_drybulb_c,zone_air_heat_balance_outdoor_air_transfer_rate_w,zone_ideal_loads_outdoor_air_sensible_cooling_rate_w,zone_ideal_loads_outdoor_air_sensible_heating_rate_w,zone_total_cooling_rate_w,zone_total_heating_rate_w,zone_infiltration_sensible_heat_gain_energy_j,zone_infiltration_sensible_heat_loss_energy_j,zone_mean_air_temperature_c,zone_ventilation_sensible_heat_gain_energy_j,zone_ventilation_sensible_heat_loss_energy_j,zone_windows_total_heat_gain_rate_w,zone_windows_total_heat_loss_rate_w,zone_total_heating_kwh,zone_total_cooling_kwh,zone_windows_transmitted_solar_kwh,zone_windows_total_heat_gain_kwh,zone_windows_total_heat_loss_kwh,zone_infiltration_sensible_heat_loss_kwh,zone_infiltration_sensible_heat_gain_kwh,zone_ventilation_sensible_heat_loss_kwh,zone_ventilation_sensible_heat_gain_kwh,zone_air_heat_balance_outdoor_air_loss_kwh,zone_air_heat_balance_outdoor_air_gain_kwh,zone_ideal_loads_outdoor_air_sensible_heating_kwh,zone_ideal_loads_outdoor_air_sensible_cooling_kwh,heating_kwh_per_reference_gfa_m2,cooling_kwh_per_reference_gfa_m2,zone_total_heating_rate_w_scaled_to_cohort,zone_total_cooling_rate_w_scaled_to_cohort,timestamp_local,heating_setpoint_c,cooling_setpoint_c,internal_gains_w_m2,infiltration_ach,ventilation_ach,internal_gains_fraction,infiltration_fraction,ventilation_fraction,event_type,event_active,event_elapsed_h,event_remaining_h,event_setpoint_delta_c,reference_heating_setpoint_c,heating_setpoint_delta_c,epw_outdoor_air_drybulb_c,epw_ghi_wh_m2,epw_dni_wh_m2,epw_dhi_wh_m2,internal_gains_total_w,approx_transmission_loss_seed_ua_w,approx_transmission_gain_seed_ua_w,approx_infiltration_loss_w,approx_infiltration_gain_w,approx_ventilation_loss_w,approx_ventilation_gain_w,window_to_floor_ratio_reference,wall_to_floor_ratio_reference,roof_to_floor_ratio_reference,floor_exposed_to_floor_ratio_reference,window_solar_transmitted_kwh,window_heat_gain_kwh,window_heat_loss_kwh,teacher_infiltration_sensible_heat_loss_kwh,teacher_infiltration_sensible_heat_gain_kwh,teacher_ventilation_sensible_heat_loss_kwh,teacher_ventilation_sensible_heat_gain_kwh,teacher_infiltration_sensible_heat_loss_w,teacher_ventilation_sensible_heat_loss_w,teacher_outdoor_air_loss_w,teacher_outdoor_air_gain_w,teacher_outdoor_air_loss_kwh,teacher_outdoor_air_gain_kwh,teacher_ideal_loads_outdoor_air_sensible_heating_kwh,teacher_ideal_loads_outdoor_air_sensible_cooling_kwh,cohort_id,heating_w_per_m2,internal_gains_w_per_m2,solar_gains_w_per_m2,transmission_loss_w_per_m2,ventilation_loss_w_per_m2
2021,1,18,1,0,0.0,-5.1,-2062.0617135007587,0.0,0.0,0.0,32550.982241216345,0.0,7423422.168602731,22.0,0.0,0.0,0.0,8164.860614835888,32.550982241216346,0.0,0.0,0.0,8.164860614835888,2.062061713500759,0.0,0.0,0.0,2.062061713500759,0.0,0.0,0.0,0.0325509822412163,0.0,1580644285.2253995,0.0,2021-01-18 00:00:00,22.0,27.0,1.629709571,0.07,0.372817549,0.1493430224865358,1.0,0.7852894808335428,none,0.0,0.0,0.0,0.0,22.0,0.0,-5.1,0,0,0,1629.709571,91896.1,0.0,1934.9471298899043,0.0,10305.460663001984,0.0,0.18,0.82,0.37,0.36,0.0,0.0,8.164860614835888,2.062061713500759,0.0,0.0,0.0,2062.0617135007587,0.0,2062.0617135007587,0.0,2.062061713500759,0.0,0.0,0.0,residential_pre1975,32.550982241216346,1.629709571,0.0,91.8961,10.305460663001984
2021,1,18,2,0,0.0,-3.0,-1887.810531936313,0.0,0.0,0.0,30908.93099218025,0.0,6796117.914970727,22.0,0.0,0.0,0.0,7473.152831228215,30.90893099218025,0.0,0.0,0.0,7.473152831228215,1.887810531936313,0.0,0.0,0.0,1.887810531936313,0.0,0.0,0.0,0.0309089309921802,0.0,1500907861.1874888,0.0,2021-01-18 01:00:00,22.0,27.0,1.565651263,0.07,0.372817549,0.1434728591750304,1.0,0.7852894808335428,none,0.0,0.0,0.0,0.0,22.0,0.0,-3.0,0,0,0,1565.651263,84774.99999999999,0.0,1785.0065773892102,0.0,9506.88253044463,0.0,0.18,0.82,0.37,0.36,0.0,0.0,7.473152831228215,1.887810531936313,0.0,0.0,0.0,1887.810531936313,0.0,1887.810531936313,0.0,1.887810531936313,0.0,0.0,0.0,residential_pre1975,30.90893099218025,1.565651263,0.0,84.77499999999999,9.506882530444631
2021,1,18,3,0,0.0,-3.1,-1896.1865836456584,0.0,0.0,0.0,31482.29345271621,0.0,6826271.701124372,22.000000000000004,0.0,0.0,0.0,7897.152126354498,31.482293452716213,0.0,0.0,0.0,7.897152126354499,1.8961865836456588,0.0,0.0,0.0,1.8961865836456584,0.0,0.0,0.0,0.0314822934527162,0.0,1528749788.9638312,0.0,2021-01-18 02:00:00,22.0,27.0,1.546836934,0.07,0.372817549,0.141748755194226,1.0,0.7852894808335428,none,0.0,0.0,0.0,0.0,22.0,0.0,-3.1,0,0,0,1546.8369340000002,85114.10000000002,0.0,1792.1466036987676,0.0,9544.910060566412,0.0,0.18,0.82,0.37,0.36,0.0,0.0,7.897152126354499,1.8961865836456588,0.0,0.0,0.0,1896.1865836456589,0.0,1896.1865836456584,0.0,1.8961865836456584,0.0,0.0,0.0,residential_pre1975,31.48229345271621,1.546836934,0.0,85.11410000000002,9.544910060566412
2021,1,18,4,0,0.0,-3.6,-1936.8047806461277,0.0,0.0,3.637978807091713e-12,32562.687871563427,0.0,6972497.210326059,22.000000000000007,0.0,0.0,0.0,8168.748646333188,32.562687871563426,3.637978807091713e-15,0.0,0.0,8.168748646333189,1.9368047806461277,0.0,0.0,0.0,1.9368047806461277,0.0,0.0,0.0,0.0325626878715634,3.6379788070917136e-18,1581212699.3388655,1.766567401434507e-07,2021-01-18 03:00:00,22.0,27.0,1.558035939,0.07,0.372817549,0.1427750075310246,1.0,0.7852894808335428,none,0.0,0.0,0.0,0.0,22.0,0.0,-3.6,0,0,0,1558.035939,86809.60000000003,0.0,1827.846735246552,0.0,9735.047711175306,0.0,0.18,0.82,0.37,0.36,0.0,0.0,8.168748646333189,1.9368047806461277,0.0,0.0,0.0,1936.8047806461277,0.0,1936.8047806461277,0.0,1.9368047806461277,0.0,0.0,0.0,residential_pre1975,32.562687871563426,1.558035939,0.0,86.80960000000003,9.735047711175307
2021,1,18,5,0,0.0,-4.3,-1994.5648582718284,0.0,0.0,0.0,33431.056052169704,0.0,7180433.489778582,22.0,0.0,0.0,0.0,8462.31812981221,33.4310560521697,0.0,0.0,0.0,8.46231812981221,1.9945648582718285,0.0,0.0,0.0,1.9945648582718285,0.0,0.0,0.0,0.0334310560521697,0.0,1623379820.1948657,0.0,2021-01-18 04:00:00,22.0,27.0,1.696903601,0.07,0.474751742,0.1555005365073275,1.0,1.0,none,0.0,0.0,0.0,0.0,22.0,0.0,-4.3,0,0,0,1696.903601,89183.29999999999,0.0,1877.826919413449,0.0,12735.737159514692,0.0,0.18,0.82,0.37,0.36,0.0,0.0,8.46231812981221,1.9945648582718285,0.0,0.0,0.0,1994.5648582718284,0.0,1994.5648582718284,0.0,1.9945648582718285,0.0,0.0,0.0,residential_pre1975,33.4310560521697,1.696903601,0.0,89.18329999999999,12.735737159514692
2021,1,18,6,0,0.0,-5.0,-2052.6121492439534,0.0,0.0,0.0,33537.2955224562,0.0,7389403.737278232,22.0,0.0,0.0,0.0,8657.08286938492,33.537295522456205,0.0,0.0,0.0,8.65708286938492,2.052612149243953,0.0,0.0,0.0,2.052612149243953,0.0,0.0,0.0,0.0335372955224562,0.0,1628538706.3485713,0.0,2021-01-18 05:00:00,22.0,27.0,2.757409394,0.07,0.474751742,0.2526829690765356,1.0,1.0,none,0.0,0.0,0.0,0.0,22.0,0.0,-5.0,0,0,0,2757.409394,91557.0,0.0,1927.8071035803475,0.0,13074.711152353488,0.0,0.18,0.82,0.37,0.36,0.0,0.0,8.65708286938492,2.052612149243953,0.0,0.0,0.0,2052.6121492439534,0.0,2052.6121492439534,0.0,2.052612149243953,0.0,0.0,0.0,residential_pre1975,33.537295522456205,2.7574093939999997,0.0,91.557,13.074711152353487
2021,1,18,7,0,0.0,-5.3,-2077.680963784921,0.0,0.0,7.275957614183426e-12,33061.51101458381,0.0,7479651.469625715,22.0,0.0,0.0,0.0,8645.684298655211,33.061511014583814,7.275957614183426e-15,0.0,0.0,8.645684298655212,2.0776809637849207,0.0,0.0,0.0,2.077680963784921,0.0,0.0,0.0,0.0330615110145838,7.275957614183427e-18,1605435069.788719,3.5331348028690134e-07,2021-01-18 06:00:00,22.0,27.0,4.092954646,0.07,0.474751742,0.3750694164230009,1.0,1.0,none,0.0,0.0,0.0,0.0,22.0,0.0,-5.3,0,0,0,4092.954646,92574.3,0.0,1949.2271825090177,0.0,13219.98572071297,0.0,0.18,0.82,0.37,0.36,0.0,0.0,8.645684298655212,2.0776809637849207,0.0,0.0,0.0,2077.680963784921,0.0,2077.680963784921,0.0,2.077680963784921,0.0,0.0,0.0,residential_pre1975,33.061511014583814,4.092954646,0.0,92.57430000000001,13.21998572071297
2021,1,18,8,0,0.0,-5.5,-2095.263321277838,0.0,0.0,7.275957614183426e-12,32882.757517644204,0.0,7542947.956600216,22.0,0.0,0.0,0.0,8537.51425253717,32.8827575176442,7.275957614183426e-15,0.0,0.0,8.53751425253717,2.0952633212778378,0.0,0.0,0.0,2.0952633212778378,0.0,0.0,0.0,0.0328827575176442,7.275957614183427e-18,1596754972.478356,3.5331348028690134e-07,2021-01-18 07:00:00,22.0,27.0,4.560374093,0.07,0.474751742,0.4179027127514577,1.0,1.0,none,0.0,0.0,0.0,0.0,22.0,0.0,-5.5,0,0,0,4560.374093,93252.5,0.0,1963.5072351281312,0.0,13316.835432952625,0.0,0.18,0.82,0.37,0.36,0.0,0.0,8.53751425253717,2.0952633212778378,0.0,0.0,0.0,2095.263321277838,0.0,2095.263321277838,0.0,2.0952633212778378,0.0,0.0,0.0,residential_pre1975,32.8827575176442,4.560374093,0.0,93.2525,13.316835432952624
2021,1,18,9,0,1671.3316800222296,-5.2,-2070.152519129111,0.0,0.0,0.0,31613.93494846084,0.0,7452549.0688648,22.0,0.0,0.0,0.0,6947.875571066158,31.613934948460837,0.0,1.6713316800222295,0.0,6.947875571066158,2.070152519129111,0.0,0.0,0.0,2.070152519129111,0.0,0.0,0.0,0.0316139349484608,0.0,1535142172.9602745,0.0,2021-01-18 08:00:00,22.0,27.0,3.981860517,0.07,0.474751742,0.3648889932969413,1.0,1.0,none,0.0,0.0,0.0,0.0,22.0,0.0,-5.2,2,29,1,3981.860517,92235.19999999998,0.0,1942.0871561994609,0.0,13171.560864593142,0.0,0.18,0.82,0.37,0.36,1.6713316800222295,0.0,6.947875571066158,2.070152519129111,0.0,0.0,0.0,2070.152519129111,0.0,2070.152519129111,0.0,2.070152519129111,0.0,0.0,0.0,residential_pre1975,31.61393494846084,3.981860517,1.6713316800222295,92.23519999999998,13.171560864593143
2021,1,18,10,0,16160.99942406762,-4.0,-1970.507044972472,0.0,0.0,0.0,19026.161958313576,0.0,7093825.361900899,22.0,0.0,0.0,8325.113466268205,0.0,19.026161958313576,0.0,16.16099942406762,8.325113466268204,0.0,1.970507044972472,0.0,0.0,0.0,1.970507044972472,0.0,0.0,0.0,0.0190261619583135,0.0,923892064.0343012,0.0,2021-01-18 09:00:00,22.0,27.0,3.72556163,0.07,0.474751742,0.3414023235702437,1.0,1.0,none,0.0,0.0,0.0,0.0,22.0,0.0,-4.0,56,223,32,3725.56163,88166.0,0.0,1856.406840484779,0.0,12590.46259115521,0.0,0.18,0.82,0.37,0.36,16.16099942406762,8.325113466268204,0.0,1.970507044972472,0.0,0.0,0.0,1970.507044972472,0.0,1970.507044972472,0.0,1.970507044972472,0.0,0.0,0.0,residential_pre1975,19.026161958313576,3.72556163,16.160999424067622,88.166,12.59046259115521
2021,1,18,11,0,17491.41307986578,-2.7,-1862.7593806158004,0.0,0.0,0.0,12927.615848901569,0.0,6705933.770216881,22.0,0.0,0.0,11115.717007325136,0.0,12.927615848901567,0.0,17.49141307986578,11.115717007325136,0.0,1.8627593806158005,0.0,0.0,0.0,1.8627593806158005,0.0,0.0,0.0,0.0129276158489015,0.0,627752550.1913089,0.0,2021-01-18 10:00:00,22.0,27.0,3.763190286,0.07,0.474751742,0.3448505313485768,1.0,1.0,none,0.0,0.0,0.0,0.0,22.0,0.0,-2.7,135,205,89,3763.190286,83757.7,0.0,1763.5864984605398,0.0,11960.93946159745,0.0,0.18,0.82,0.37,0.36,17.49141307986578,11.115717007325136,0.0,1.8627593806158005,0.0,0.0,0.0,1862.7593806158,0.0,1862.7593806158004,0.0,1.8627593806158005,0.0,0.0,0.0,residential_pre1975,12.927615848901569,3.763190286,17.49141307986578,83.7577,11.96093946159745
2021,1,18,12,0,15311.442951599958,-1.6,-1772.9394817602551,0.0,0.0,0.0,12095.54621670781,0.0,6382582.134336919,22.000000000000004,0.0,0.0,8969.772314471029,0.0,12.09554621670781,0.0,15.311442951599956,8.96977231447103,0.0,1.772939481760255,0.0,0.0,0.0,1.772939481760255,0.0,0.0,0.0,0.0120955462167078,0.0,587348051.8173293,0.0,2021-01-18 11:00:00,22.0,27.0,3.984930584,0.07,0.474751742,0.3651703275255517,1.0,1.0,none,0.0,0.0,0.0,0.0,22.0,0.0,-1.6,169,123,131,3984.930584,80027.60000000002,0.0,1685.0462090554151,0.0,11428.266044279348,0.0,0.18,0.82,0.37,0.36,15.311442951599956,8.96977231447103,0.0,1.772939481760255,0.0,0.0,0.0,1772.9394817602551,0.0,1772.9394817602551,0.0,1.772939481760255,0.0,0.0,0.0,residential_pre1975,12.09554621670781,3.984930584,15.311442951599957,80.02760000000002,11.428266044279347
2021,1,18,13,0,10106.702478451552,-0.9,-1715.339904471601,0.0,0.0,0.0,14511.971494730327,0.0,6175223.656097761,22.0,0.0,0.0,3554.897644175257,0.0,14.511971494730329,0.0,10.106702478451552,3.5548976441752576,0.0,1.7153399044716005,0.0,0.0,0.0,1.715339904471601,0.0,0.0,0.0,0.0145119714947303,0.0,704687331.4149876,0.0,2021-01-18 12:00:00,22.0,27.0,4.094298526,0.07,0.474751742,0.3751925666484341,1.0,1.0,none,0.0,0.0,0.0,0.0,22.0,0.0,-0.9,145,17,139,4094.298526,77653.9,0.0,1635.0660248885167,0.0,11089.29205144055,0.0,0.18,0.82,0.37,0.36,10.106702478451552,3.5548976441752576,0.0,1.7153399044716005,0.0,0.0,0.0,1715.3399044716004,0.0,1715.339904471601,0.0,1.715339904471601,0.0,0.0,0.0,residential_pre1975,14.511971494730327,4.094298526,10.106702478451552,77.6539,11.08929205144055
2021,1,18,14,0,4986.247245474623,-2.5,-1846.585222980577,0.0,0.0,0.0,20528.939950676988,0.0,6647706.802730077,22.0,0.0,0.0,0.0,2359.796773923232,20.52893995067699,0.0,4.986247245474623,0.0,2.3597967739232324,1.846585222980577,0.0,0.0,0.0,1.846585222980577,0.0,0.0,0.0,0.0205289399506769,0.0,996865513.129918,0.0,2021-01-18 13:00:00,22.0,27.0,3.841201014,0.07,0.474751742,0.3519992639284231,1.0,1.0,none,0.0,0.0,0.0,0.0,22.0,0.0,-2.5,76,0,76,3841.201014,83079.5,0.0,1749.3064458414262,0.0,11864.089749357794,0.0,0.18,0.82,0.37,0.36,4.986247245474623,0.0,2.3597967739232324,1.846585222980577,0.0,0.0,0.0,1846.585222980577,0.0,1846.585222980577,0.0,1.846585222980577,0.0,0.0,0.0,residential_pre1975,20.52893995067699,3.841201014,4.986247245474623,83.0795,11.864089749357793
2021,1,18,15,0,3855.8853533871097,-1.8,-1788.6773432505977,0.0,0.0,0.0,22187.03312742204,0.0,6439238.435702152,22.0,0.0,0.0,0.0,3074.563515919847,22.18703312742204,0.0,3.8558853533871096,0.0,3.074563515919847,1.7886773432505976,0.0,0.0,0.0,1.7886773432505978,0.0,0.0,0.0,0.022187033127422,0.0,1077380917.6965656,0.0,2021-01-18 14:00:00,22.0,27.0,3.521291779,0.07,0.474751742,0.3226834809653644,1.0,1.0,none,0.0,0.0,0.0,0.0,22.0,0.0,-1.8,56,9,53,3521.291779,80705.8,0.0,1699.3262616745285,0.0,11525.115756519,0.0,0.18,0.82,0.37,0.36,3.8558853533871096,0.0,3.074563515919847,1.7886773432505976,0.0,0.0,0.0,1788.6773432505977,0.0,1788.6773432505977,0.0,1.7886773432505978,0.0,0.0,0.0,residential_pre1975,22.18703312742204,3.5212917790000002,3.8558853533871096,80.7058,11.525115756519
2021,1,18,16,0,4099.972293187517,-1.3,-1748.2105706204527,0.0,0.0,3.637978807091713e-12,21695.855271268418,0.0,6293558.054233629,22.0,0.0,0.0,0.0,2918.6891057952976,21.695855271268417,3.637978807091713e-15,4.099972293187517,0.0,2.918689105795297,1.7482105706204525,0.0,0.0,0.0,1.7482105706204527,0.0,0.0,0.0,0.0216958552712684,3.6379788070917136e-18,1053529794.9990937,1.766567401434507e-07,2021-01-18 15:00:00,22.0,27.0,3.528459143,0.07,0.474751742,0.3233402825342258,1.0,1.0,none,0.0,0.0,0.0,0.0,22.0,0.0,-1.3,41,29,34,3528.459143,79010.3,0.0,1663.6261301267443,0.0,11282.991475919862,0.0,0.18,0.82,0.37,0.36,4.099972293187517,0.0,2.918689105795297,1.7482105706204525,0.0,0.0,0.0,1748.2105706204525,0.0,1748.2105706204527,0.0,1.7482105706204527,0.0,0.0,0.0,residential_pre1975,21.695855271268417,3.528459143,4.099972293187517,79.0103,11.282991475919863
2021,1,18,17,0,0.0,-1.3,-1747.906690680562,0.0,0.0,3.637978807091713e-12,25177.403826530543,0.0,6292464.086450023,22.0,0.0,0.0,0.0,6958.172987983442,25.177403826530544,3.637978807091713e-15,0.0,0.0,6.958172987983442,1.7479066906805618,0.0,0.0,0.0,1.747906690680562,0.0,0.0,0.0,0.0251774038265305,3.6379788070917136e-18,1222590433.0723054,1.766567401434507e-07,2021-01-18 16:00:00,22.0,27.0,3.948197848,0.07,0.474751742,0.3618042198975073,1.0,1.0,none,0.0,0.0,0.0,0.0,22.0,0.0,-1.3,17,16,15,3948.197848,79010.3,0.0,1663.6261301267443,0.0,11282.991475919862,0.0,0.18,0.82,0.37,0.36,0.0,0.0,6.958172987983442,1.7479066906805618,0.0,0.0,0.0,1747.9066906805615,0.0,1747.906690680562,0.0,1.747906690680562,0.0,0.0,0.0,residential_pre1975,25.177403826530544,3.948197848,0.0,79.0103,11.282991475919863
2021,1,18,18,0,0.0,-1.0,-1723.437929973069,0.0,0.0,0.0,25117.306269224853,0.0,6204376.547903049,22.0,0.0,0.0,0.0,6552.19421636884,25.11730626922485,0.0,0.0,0.0,6.55219421636884,1.723437929973069,0.0,0.0,0.0,1.723437929973069,0.0,0.0,0.0,0.0251173062692248,0.0,1219672153.6849952,0.0,2021-01-18 17:00:00,22.0,27.0,4.383636219,0.07,0.474751742,0.4017068403330312,1.0,1.0,none,0.0,0.0,0.0,0.0,22.0,0.0,-1.0,2,0,2,4383.636219,77993.0,0.0,1642.2060511980735,0.0,11137.71690756038,0.0,0.18,0.82,0.37,0.36,0.0,0.0,6.55219421636884,1.723437929973069,0.0,0.0,0.0,1723.437929973069,0.0,1723.437929973069,0.0,1.723437929973069,0.0,0.0,0.0,residential_pre1975,25.11730626922485,4.383636219,0.0,77.993,11.13771690756038
2021,1,18,19,0,0.0,0.2,-1625.9845680228068,0.0,0.0,3.637978807091713e-12,24194.700023586018,0.0,5853544.444882105,22.0,0.0,0.0,0.0,6625.667987485756,24.19470002358602,3.637978807091713e-15,0.0,0.0,6.625667987485756,1.6259845680228069,0.0,0.0,0.0,1.6259845680228069,0.0,0.0,0.0,0.024194700023586,3.6379788070917136e-18,1174871284.73193,1.766567401434507e-07,2021-01-18 18:00:00,22.0,27.0,5.259160364,0.07,0.372817549,0.48193795905562,1.0,0.7852894808335428,none,0.0,0.0,0.0,0.0,22.0,0.0,0.2,0,0,0,5259.160364,73923.8,0.0,1556.5257354833916,0.0,8290.00156654772,0.0,0.18,0.82,0.37,0.36,0.0,0.0,6.625667987485756,1.6259845680228069,0.0,0.0,0.0,1625.9845680228068,0.0,1625.9845680228068,0.0,1.6259845680228069,0.0,0.0,0.0,residential_pre1975,24.19470002358602,5.259160364,0.0,73.9238,8.290001566547721
2021,1,18,20,0,0.0,1.1,-1553.7815917972316,0.0,0.0,0.0,24328.20588961439,0.0,5593613.730470033,22.000000000000004,0.0,0.0,0.0,6714.517541359575,24.32820588961439,0.0,0.0,0.0,6.714517541359576,1.5537815917972315,0.0,0.0,0.0,1.5537815917972315,0.0,0.0,0.0,0.0243282058896143,0.0,1181354200.750194,0.0,2021-01-18 19:00:00,22.0,27.0,4.921846335,0.07,0.372817549,0.4510272388178659,1.0,0.7852894808335428,none,0.0,0.0,0.0,0.0,22.0,0.0,1.1,0,0,0,4921.846334999999,70871.90000000001,0.0,1492.26549869738,0.0,7947.753795451713,0.0,0.18,0.82,0.37,0.36,0.0,0.0,6.714517541359576,1.5537815917972315,0.0,0.0,0.0,1553.7815917972316,0.0,1553.7815917972316,0.0,1.5537815917972315,0.0,0.0,0.0,residential_pre1975,24.32820588961439,4.921846335,0.0,70.87190000000001,7.947753795451713
2021,1,18,21,0,0.0,0.6,-1593.8793673261112,0.0,0.0,3.637978807091713e-12,25206.62997178083,0.0,5737965.722374001,22.0,0.0,0.0,0.0,6910.874807226738,25.206629971780828,3.637978807091713e-15,0.0,0.0,6.9108748072267385,1.5938793673261114,0.0,0.0,0.0,1.5938793673261111,0.0,0.0,0.0,0.0252066299717808,3.6379788070917136e-18,1224009626.4817915,1.766567401434507e-07,2021-01-18 20:00:00,22.0,27.0,4.039615744,0.07,0.372817549,0.3701815560443536,1.0,0.7852894808335428,none,0.0,0.0,0.0,0.0,22.0,0.0,0.6,0,0,0,4039.615744,72567.4,0.0,1527.965630245164,0.0,8137.891446060605,0.0,0.18,0.82,0.37,0.36,0.0,0.0,6.9108748072267385,1.5938793673261114,0.0,0.0,0.0,1593.8793673261114,0.0,1593.8793673261112,0.0,1.5938793673261111,0.0,0.0,0.0,residential_pre1975,25.206629971780828,4.039615744,0.0,72.56739999999999,8.137891446060605
2021,1,18,22,0,0.0,1.1,-1554.2488334824366,0.0,0.0,7.275957614183426e-12,25678.475303928968,0.0,5595295.80053677,22.0,0.0,0.0,0.0,6961.1741741509,25.67847530392897,7.275957614183426e-15,0.0,0.0,6.9611741741509,1.5542488334824365,0.0,0.0,0.0,1.5542488334824365,0.0,0.0,0.0,0.0256784753039289,7.275957614183427e-18,1246921980.4698648,3.5331348028690134e-07,2021-01-18 21:00:00,22.0,27.0,3.604198432,0.07,0.372817549,0.3302808654095541,1.0,0.7852894808335428,none,0.0,0.0,0.0,0.0,22.0,0.0,1.1,0,0,0,3604.198432,70871.9,0.0,1492.2654986973798,0.0,7947.753795451712,0.0,0.18,0.82,0.37,0.36,0.0,0.0,6.9611741741509,1.5542488334824365,0.0,0.0,0.0,1554.2488334824363,0.0,1554.2488334824366,0.0,1.5542488334824365,0.0,0.0,0.0,residential_pre1975,25.67847530392897,3.604198432,0.0,70.8719,7.947753795451712
2021,1,18,23,0,0.0,0.5,-1602.21745291176,0.0,0.0,0.0,26142.11212019634,0.0,5767982.830482337,22.0,0.0,0.0,0.0,6843.606514833584,26.14211212019634,0.0,0.0,0.0,6.843606514833584,1.60221745291176,0.0,0.0,0.0,1.60221745291176,0.0,0.0,0.0,0.0261421121201963,0.0,1269435736.848165,0.0,2021-01-18 22:00:00,22.0,27.0,2.536446665,0.07,0.372817549,0.2324344276229288,1.0,0.7852894808335428,none,0.0,0.0,0.0,0.0,22.0,0.0,0.5,0,0,0,2536.446665,72906.5,0.0,1535.105656554721,0.0,8175.918976182384,0.0,0.18,0.82,0.37,0.36,0.0,0.0,6.843606514833584,1.60221745291176,0.0,0.0,0.0,1602.21745291176,0.0,1602.21745291176,0.0,1.60221745291176,0.0,0.0,0.0,residential_pre1975,26.14211212019634,2.536446665,0.0,72.9065,8.175918976182384
2021,1,18,24,0,0.0,0.7,-1586.5182105554532,0.0,0.0,3.637978807091713e-12,26401.94945236118,0.0,5711465.557999632,22.0,0.0,0.0,0.0,6764.370193967701,26.40194945236118,3.637978807091713e-15,0.0,0.0,6.764370193967701,1.5865182105554534,0.0,0.0,0.0,1.5865182105554532,0.0,0.0,0.0,0.0264019494523611,3.6379788070917136e-18,1282053186.949395,1.766567401434507e-07,2021-01-18 23:00:00,22.0,27.0,1.901621411,0.07,0.372817549,0.1742604290957133,1.0,0.7852894808335428,none,0.0,0.0,0.0,0.0,22.0,0.0,0.7,0,0,0,1901.621411,72228.29999999999,0.0,1520.8256039356072,0.0,8099.863915938826,0.0,0.18,0.82,0.37,0.36,0.0,0.0,6.764370193967701,1.5865182105554534,0.0,0.0,0.0,1586.5182105554534,0.0,1586.5182105554532,0.0,1.5865182105554532,0.0,0.0,0.0,residential_pre1975,26.40194945236118,1.901621411,0.0,72.22829999999999,8.099863915938826
2021,1,18,1,0,0.0,-5.1,-2062.0617135007583,0.0,0.0,0.0,26608.544221902677,0.0,7423422.16860273,22.0,0.0,0.0,0.0,9438.945587280145,26.608544221902672,0.0,0.0,0.0,9.438945587280145,2.0620617135007584,0.0,0.0,0.0,2.0620617135007584,0.0,0.0,0.0,0.0266085442219026,0.0,574260102.039942,0.0,2021-01-18 00:00:00,22.0,27.0,1.629709571,0.07,0.372817549,0.1493430224865358,1.0,0.7852894808335428,none,0.0,0.0,0.0,0.0,22.0,0.0,-5.1,0,0,0,1629.709571,67316.4,0.0,1934.947129889904,0.0,10305.46066300198,0.0,0.18,0.82,0.37,0.36,0.0,0.0,9.438945587280145,2.0620617135007584,0.0,0.0,0.0,2062.0617135007583,0.0,2062.0617135007583,0.0,2.0620617135007584,0.0,0.0,0.0,residential_1975_1990,26.608544221902676,1.629709571,0.0,67.31639999999999,10.30546066300198
2021,1,18,2,0,0.0,-3.0,-1887.8105319363133,0.0,0.0,0.0,25294.622227911223,0.0,6796117.914970728,22.0,0.0,0.0,0.0,8668.818372959675,25.294622227911223,0.0,0.0,0.0,8.668818372959676,1.8878105319363128,0.0,0.0,0.0,1.8878105319363128,0.0,0.0,0.0,0.0252946222279112,0.0,545903309.1222385,0.0,2021-01-18 01:00:00,22.0,27.0,1.565651263,0.07,0.372817549,0.1434728591750304,1.0,0.7852894808335428,none,0.0,0.0,0.0,0.0,22.0,0.0,-3.0,0,0,0,1565.651263,62100.000000000015,0.0,1785.0065773892104,0.0,9506.882530444633,0.0,0.18,0.82,0.37,0.36,0.0,0.0,8.668818372959676,1.8878105319363128,0.0,0.0,0.0,1887.8105319363133,0.0,1887.8105319363133,0.0,1.8878105319363128,0.0,0.0,0.0,residential_1975_1990,25.294622227911223,1.565651263,0.0,62.100000000000016,9.506882530444633
2021,1,18,3,0,0.0,-3.1,-1896.1865836456584,0.0,0.0,0.0,25732.95520061159,0.0,6826271.701124369,22.0,0.0,0.0,0.0,9171.0547688618,25.73295520061159,0.0,0.0,0.0,9.1710547688618,1.8961865836456584,0.0,0.0,0.0,1.8961865836456584,0.0,0.0,0.0,0.0257329552006115,0.0,555363320.7459928,0.0,2021-01-18 02:00:00,22.0,27.0,1.546836934,0.07,0.372817549,0.141748755194226,1.0,0.7852894808335428,none,0.0,0.0,0.0,0.0,22.0,0.0,-3.1,0,0,0,1546.8369340000002,62348.40000000001,0.0,1792.1466036987672,0.0,9544.91006056641,0.0,0.18,0.82,0.37,0.36,0.0,0.0,9.1710547688618,1.8961865836456584,0.0,0.0,0.0,1896.1865836456584,0.0,1896.1865836456584,0.0,1.8961865836456584,0.0,0.0,0.0,residential_1975_1990,25.73295520061159,1.546836934,0.0,62.34840000000001,9.54491006056641
2021,1,18,4,0,0.0,-3.6,-1936.8047806461268,0.0,0.0,3.637978807091713e-12,26580.136992838237,0.0,6972497.210326057,22.0,0.0,0.0,0.0,9493.06958291936,26.580136992838234,3.637978807091713e-15,0.0,0.0,9.49306958291936,1.9368047806461268,0.0,0.0,0.0,1.9368047806461268,0.0,0.0,0.0,0.0265801369928382,3.6379788070917136e-18,573647023.0933762,7.851410673042253e-08,2021-01-18 03:00:00,22.0,27.0,1.558035939,0.07,0.372817549,0.1427750075310246,1.0,0.7852894808335428,none,0.0,0.0,0.0,0.0,22.0,0.0,-3.6,0,0,0,1558.035939,63590.400000000016,0.0,1827.846735246552,0.0,9735.047711175304,0.0,0.18,0.82,0.37,0.36,0.0,0.0,9.49306958291936,1.9368047806461268,0.0,0.0,0.0,1936.8047806461268,0.0,1936.8047806461268,0.0,1.9368047806461268,0.0,0.0,0.0,residential_1975_1990,26.580136992838238,1.558035939,0.0,63.59040000000002,9.735047711175305
2021,1,18,5,0,0.0,-4.3,-1994.5648582718288,0.0,0.0,0.0,27291.50645733612,0.0,7180433.489778584,22.000000000000004,0.0,0.0,0.0,9848.16908452411,27.29150645733612,0.0,0.0,0.0,9.84816908452411,1.994564858271829,0.0,0.0,0.0,1.9945648582718287,0.0,0.0,0.0,0.0272915064573361,0.0,588999651.8529153,0.0,2021-01-18 04:00:00,22.0,27.0,1.696903601,0.07,0.474751742,0.1555005365073275,1.0,1.0,none,0.0,0.0,0.0,0.0,22.0,0.0,-4.3,0,0,0,1696.903601,65329.20000000002,0.0,1877.8269194134496,0.0,12735.737159514696,0.0,0.18,0.82,0.37,0.36,0.0,0.0,9.84816908452411,1.994564858271829,0.0,0.0,0.0,1994.564858271829,0.0,1994.5648582718288,0.0,1.9945648582718287,0.0,0.0,0.0,residential_1975_1990,27.29150645733612,1.696903601,0.0,65.32920000000001,12.735737159514697
2021,1,18,6,0,0.0,-5.0,-2052.6121492439534,0.0,0.0,3.637978807091713e-12,27283.469248151523,0.0,7389403.737278232,22.0,0.0,0.0,0.0,10091.170455893724,27.283469248151523,3.637978807091713e-15,0.0,0.0,10.091170455893725,2.052612149243953,0.0,0.0,0.0,2.052612149243953,0.0,0.0,0.0,0.0272834692481515,3.6379788070917136e-18,588826194.4653946,7.851410673042253e-08,2021-01-18 05:00:00,22.0,27.0,2.757409394,0.07,0.474751742,0.2526829690765356,1.0,1.0,none,0.0,0.0,0.0,0.0,22.0,0.0,-5.0,0,0,0,2757.409394,67068.00000000001,0.0,1927.8071035803475,0.0,13074.711152353488,0.0,0.18,0.82,0.37,0.36,0.0,0.0,10.091170455893725,2.052612149243953,0.0,0.0,0.0,2052.6121492439534,0.0,2052.6121492439534,0.0,2.052612149243953,0.0,0.0,0.0,residential_1975_1990,27.283469248151523,2.7574093939999997,0.0,67.06800000000001,13.074711152353487
2021,1,18,7,0,0.0,-5.3,-2077.680963784921,0.0,0.0,0.0,26735.95416904232,0.0,7479651.469625715,22.0,0.0,0.0,0.0,10075.431426923758,26.735954169042323,0.0,0.0,0.0,10.07543142692376,2.0776809637849207,0.0,0.0,0.0,2.077680963784921,0.0,0.0,0.0,0.0267359541690423,0.0,577009837.1864854,0.0,2021-01-18 06:00:00,22.0,27.0,4.092954646,0.07,0.474751742,0.3750694164230009,1.0,1.0,none,0.0,0.0,0.0,0.0,22.0,0.0,-5.3,0,0,0,4092.954646,67813.20000000001,0.0,1949.2271825090177,0.0,13219.98572071297,0.0,0.18,0.82,0.37,0.36,0.0,0.0,10.07543142692376,2.0776809637849207,0.0,0.0,0.0,2077.680963784921,0.0,2077.680963784921,0.0,2.077680963784921,0.0,0.0,0.0,residential_1975_1990,26.735954169042323,4.092954646,0.0,67.81320000000001,13.21998572071297
2021,1,18,8,0,0.0,-5.5,-2095.263321277838,0.0,0.0,0.0,26525.18522737437,0.0,7542947.956600216,22.0,0.0,0.0,0.0,9924.66873725926,26.52518522737437,0.0,0.0,0.0,9.92466873725926,2.0952633212778378,0.0,0.0,0.0,2.0952633212778378,0.0,0.0,0.0,0.0265251852273743,0.0,572461065.4483662,0.0,2021-01-18 07:00:00,22.0,27.0,4.560374093,0.07,0.474751742,0.4179027127514577,1.0,1.0,none,0.0,0.0,0.0,0.0,22.0,0.0,-5.5,0,0,0,4560.374093,68310.00000000001,0.0,1963.5072351281317,0.0,13316.835432952626,0.0,0.18,0.82,0.37,0.36,0.0,0.0,9.92466873725926,2.0952633212778378,0.0,0.0,0.0,2095.263321277838,0.0,2095.263321277838,0.0,2.0952633212778378,0.0,0.0,0.0,residential_1975_1990,26.525185227374372,4.560374093,0.0,68.31000000000002,13.316835432952626
2021,1,18,9,0,1463.175484762629,-5.2,-2070.152519129112,0.0,0.0,3.637978807091713e-12,25549.46449204548,0.0,7452549.068864802,22.0,0.0,0.0,0.0,8311.079367588922,25.54946449204548,3.637978807091713e-15,1.4631754847626288,0.0,8.311079367588922,2.0701525191291115,0.0,0.0,0.0,2.0701525191291115,0.0,0.0,0.0,0.0255494644920454,3.6379788070917136e-18,551403262.1969115,7.851410673042253e-08,2021-01-18 08:00:00,22.0,27.0,3.981860517,0.07,0.474751742,0.3648889932969413,1.0,1.0,none,0.0,0.0,0.0,0.0,22.0,0.0,-5.2,2,29,1,3981.860517,67564.80000000002,0.0,1942.0871561994609,0.0,13171.560864593144,0.0,0.18,0.82,0.37,0.36,1.4631754847626288,0.0,8.311079367588922,2.0701525191291115,0.0,0.0,0.0,2070.152519129112,0.0,2070.152519129112,0.0,2.0701525191291115,0.0,0.0,0.0,residential_1975_1990,25.54946449204548,3.981860517,1.4631754847626288,67.56480000000002,13.171560864593145
2021,1,18,10,0,14148.22590226675,-4.0,-1970.507044972472,0.0,0.0,3.637978807091713e-12,15114.315636921792,0.0,7093825.361900899,22.0,0.0,0.0,5723.961427352348,0.0,15.114315636921791,3.637978807091713e-15,14.14822590226675,5.723961427352347,0.0,1.970507044972472,0.0,0.0,0.0,1.970507044972472,0.0,0.0,0.0,0.0151143156369217,3.6379788070917136e-18,326194036.30425143,7.851410673042253e-08,2021-01-18 09:00:00,22.0,27.0,3.72556163,0.07,0.474751742,0.3414023235702437,1.0,1.0,none,0.0,0.0,0.0,0.0,22.0,0.0,-4.0,56,223,32,3725.56163,64584.000000000015,0.0,1856.406840484779,0.0,12590.46259115521,0.0,0.18,0.82,0.37,0.36,14.14822590226675,5.723961427352347,0.0,1.970507044972472,0.0,0.0,0.0,1970.507044972472,0.0,1970.507044972472,0.0,1.970507044972472,0.0,0.0,0.0,residential_1975_1990,15.114315636921793,3.72556163,14.14822590226675,64.58400000000002,12.59046259115521
2021,1,18,11,0,15312.943037124278,-2.7,-1862.7593806158004,0.0,0.0,0.0,10356.272956478426,0.0,6705933.770216881,22.0,0.0,0.0,8220.206760760337,0.0,10.356272956478426,0.0,15.312943037124278,8.220206760760338,0.0,1.8627593806158005,0.0,0.0,0.0,1.8627593806158005,0.0,0.0,0.0,0.0103562729564784,0.0,223506942.54988196,0.0,2021-01-18 10:00:00,22.0,27.0,3.763190286,0.07,0.474751742,0.3448505313485768,1.0,1.0,none,0.0,0.0,0.0,0.0,22.0,0.0,-2.7,135,205,89,3763.190286,61354.80000000001,0.0,1763.5864984605398,0.0,11960.93946159745,0.0,0.18,0.82,0.37,0.36,15.312943037124278,8.220206760760338,0.0,1.8627593806158005,0.0,0.0,0.0,1862.7593806158,0.0,1862.7593806158004,0.0,1.8627593806158005,0.0,0.0,0.0,residential_1975_1990,10.356272956478426,3.763190286,15.312943037124278,61.35480000000001,11.96093946159745
2021,1,18,12,0,13404.477537846917,-1.6,-1772.939481760255,0.0,0.0,0.0,9784.493250437212,0.0,6382582.134336918,22.0,0.0,0.0,6315.953693729586,0.0,9.784493250437212,0.0,13.404477537846915,6.315953693729586,0.0,1.7729394817602548,0.0,0.0,0.0,1.7729394817602548,0.0,0.0,0.0,0.0097844932504372,0.0,211166911.10745087,0.0,2021-01-18 11:00:00,22.0,27.0,3.984930584,0.07,0.474751742,0.3651703275255517,1.0,1.0,none,0.0,0.0,0.0,0.0,22.0,0.0,-1.6,169,123,131,3984.930584,58622.400000000016,0.0,1685.0462090554147,0.0,11428.266044279346,0.0,0.18,0.82,0.37,0.36,13.404477537846915,6.315953693729586,0.0,1.7729394817602548,0.0,0.0,0.0,1772.939481760255,0.0,1772.939481760255,0.0,1.7729394817602548,0.0,0.0,0.0,residential_1975_1990,9.784493250437212,3.984930584,13.404477537846917,58.62240000000001,11.428266044279345
2021,1,18,13,0,8847.962062248498,-0.9,-1715.339904471601,0.0,0.0,0.0,11781.988499666537,0.0,6175223.656097762,22.000000000000004,0.0,0.0,1450.174466882729,0.0,11.781988499666536,0.0,8.847962062248499,1.450174466882729,0.0,1.715339904471601,0.0,0.0,0.0,1.715339904471601,0.0,0.0,0.0,0.0117819884996665,0.0,254276440.7412637,0.0,2021-01-18 12:00:00,22.0,27.0,4.094298526,0.07,0.474751742,0.3751925666484341,1.0,1.0,none,0.0,0.0,0.0,0.0,22.0,0.0,-0.9,145,17,139,4094.298526,56883.60000000001,0.0,1635.066024888517,0.0,11089.292051440552,0.0,0.18,0.82,0.37,0.36,8.847962062248499,1.450174466882729,0.0,1.715339904471601,0.0,0.0,0.0,1715.339904471601,0.0,1715.339904471601,0.0,1.715339904471601,0.0,0.0,0.0,residential_1975_1990,11.781988499666538,4.094298526,8.847962062248499,56.883600000000015,11.089292051440552
2021,1,18,14,0,4365.234511949685,-2.5,-1846.585222980577,0.0,0.0,0.0,16640.181656714747,0.0,6647706.802730078,22.000000000000004,0.0,0.0,0.0,4032.882583182906,16.64018165671475,0.0,4.365234511949685,0.0,4.032882583182905,1.8465852229805773,0.0,0.0,0.0,1.8465852229805773,0.0,0.0,0.0,0.0166401816567147,0.0,359124961.3829826,0.0,2021-01-18 13:00:00,22.0,27.0,3.841201014,0.07,0.474751742,0.3519992639284231,1.0,1.0,none,0.0,0.0,0.0,0.0,22.0,0.0,-2.5,76,0,76,3841.201014,60858.00000000002,0.0,1749.3064458414265,0.0,11864.089749357796,0.0,0.18,0.82,0.37,0.36,4.365234511949685,0.0,4.032882583182905,1.8465852229805773,0.0,0.0,0.0,1846.585222980577,0.0,1846.585222980577,0.0,1.8465852229805773,0.0,0.0,0.0,residential_1975_1990,16.64018165671475,3.841201014,4.365234511949685,60.85800000000002,11.864089749357795
2021,1,18,15,0,3375.653671005301,-1.8,-1788.6773432505977,0.0,0.0,0.0,17990.93108802423,0.0,6439238.435702152,22.0,0.0,0.0,0.0,4573.408347993236,17.99093108802423,0.0,3.3756536710053013,0.0,4.573408347993236,1.7886773432505976,0.0,0.0,0.0,1.7886773432505978,0.0,0.0,0.0,0.0179909310880242,0.0,388276556.44152325,0.0,2021-01-18 14:00:00,22.0,27.0,3.521291779,0.07,0.474751742,0.3226834809653644,1.0,1.0,none,0.0,0.0,0.0,0.0,22.0,0.0,-1.8,56,9,53,3521.291779,59119.20000000001,0.0,1699.3262616745285,0.0,11525.115756519,0.0,0.18,0.82,0.37,0.36,3.3756536710053013,0.0,4.573408347993236,1.7886773432505976,0.0,0.0,0.0,1788.6773432505977,0.0,1788.6773432505977,0.0,1.7886773432505978,0.0,0.0,0.0,residential_1975_1990,17.99093108802423,3.5212917790000002,3.375653671005301,59.11920000000001,11.525115756519
2021,1,18,16,0,3589.340774968204,-1.3,-1748.2105706204525,0.0,0.0,0.0,17525.61062388243,0.0,6293558.054233629,22.0,0.0,0.0,0.0,4287.361305257722,17.52561062388243,0.0,3.5893407749682043,0.0,4.287361305257722,1.7482105706204525,0.0,0.0,0.0,1.7482105706204525,0.0,0.0,0.0,0.0175256106238824,0.0,378234106.3551564,0.0,2021-01-18 15:00:00,22.0,27.0,3.528459143,0.07,0.474751742,0.3233402825342258,1.0,1.0,none,0.0,0.0,0.0,0.0,22.0,0.0,-1.3,41,29,34,3528.459143,57877.2,0.0,1663.626130126744,0.0,11282.99147591986,0.0,0.18,0.82,0.37,0.36,3.5893407749682043,0.0,4.287361305257722,1.7482105706204525,0.0,0.0,0.0,1748.2105706204525,0.0,1748.2105706204525,0.0,1.7482105706204525,0.0,0.0,0.0,residential_1975_1990,17.52561062388243,3.528459143,3.5893407749682043,57.877199999999995,11.28299147591986
2021,1,18,17,0,0.0,-1.3,-1747.9066906805615,0.0,0.0,0.0,20239.45459368633,0.0,6292464.086450023,22.0,0.0,0.0,0.0,8035.827213955165,20.23945459368633,0.0,0.0,0.0,8.035827213955164,1.7479066906805618,0.0,0.0,0.0,1.7479066906805618,0.0,0.0,0.0,0.0202394545936863,0.0,436803726.02406096,0.0,2021-01-18 16:00:00,22.0,27.0,3.948197848,0.07,0.474751742,0.3618042198975073,1.0,1.0,none,0.0,0.0,0.0,0.0,22.0,0.0,-1.3,17,16,15,3948.197848,57877.2,0.0,1663.626130126744,0.0,11282.99147591986,0.0,0.18,0.82,0.37,0.36,0.0,0.0,8.035827213955164,1.7479066906805618,0.0,0.0,0.0,1747.9066906805615,0.0,1747.9066906805615,0.0,1.7479066906805618,0.0,0.0,0.0,residential_1975_1990,20.23945459368633,3.948197848,0.0,57.877199999999995,11.28299147591986
2021,1,18,18,0,0.0,-1.0,-1723.437929973069,0.0,0.0,3.637978807091713e-12,20235.29846799026,0.0,6204376.547903049,22.0,0.0,0.0,0.0,7595.39128630297,20.23529846799026,3.637978807091713e-15,0.0,0.0,7.59539128630297,1.723437929973069,0.0,0.0,0.0,1.723437929973069,0.0,0.0,0.0,0.0202352984679902,3.6379788070917136e-18,436714029.3782613,7.851410673042253e-08,2021-01-18 17:00:00,22.0,27.0,4.383636219,0.07,0.474751742,0.4017068403330312,1.0,1.0,none,0.0,0.0,0.0,0.0,22.0,0.0,-1.0,2,0,2,4383.636219,57132.00000000001,0.0,1642.2060511980735,0.0,11137.71690756038,0.0,0.18,0.82,0.37,0.36,0.0,0.0,7.59539128630297,1.723437929973069,0.0,0.0,0.0,1723.437929973069,0.0,1723.437929973069,0.0,1.723437929973069,0.0,0.0,0.0,residential_1975_1990,20.23529846799026,4.383636219,0.0,57.132000000000005,11.13771690756038
2021,1,18,19,0,0.0,0.2,-1625.984568022807,0.0,0.0,0.0,19301.09253348694,0.0,5853544.444882106,22.000000000000004,0.0,0.0,0.0,7743.366871422269,19.30109253348694,0.0,0.0,0.0,7.743366871422269,1.625984568022807,0.0,0.0,0.0,1.625984568022807,0.0,0.0,0.0,0.0193010925334869,0.0,416552189.97809607,0.0,2021-01-18 18:00:00,22.0,27.0,5.259160364,0.07,0.372817549,0.48193795905562,1.0,0.7852894808335428,none,0.0,0.0,0.0,0.0,22.0,0.0,0.2,0,0,0,5259.160364,54151.20000000002,0.0,1556.5257354833918,0.0,8290.00156654772,0.0,0.18,0.82,0.37,0.36,0.0,0.0,7.743366871422269,1.625984568022807,0.0,0.0,0.0,1625.9845680228073,0.0,1625.984568022807,0.0,1.625984568022807,0.0,0.0,0.0,residential_1975_1990,19.30109253348694,5.259160364,0.0,54.15120000000002,8.290001566547721
2021,1,18,20,0,0.0,1.1,-1553.7815917972316,0.0,0.0,0.0,19372.78843635191,0.0,5593613.730470033,22.000000000000004,0.0,0.0,0.0,7898.28358084974,19.37278843635191,0.0,0.0,0.0,7.89828358084974,1.5537815917972315,0.0,0.0,0.0,1.5537815917972315,0.0,0.0,0.0,0.0193727884363519,0.0,418099516.13587946,0.0,2021-01-18 19:00:00,22.0,27.0,4.921846335,0.07,0.372817549,0.4510272388178659,1.0,0.7852894808335428,none,0.0,0.0,0.0,0.0,22.0,0.0,1.1,0,0,0,4921.846334999999,51915.60000000001,0.0,1492.26549869738,0.0,7947.753795451713,0.0,0.18,0.82,0.37,0.36,0.0,0.0,7.89828358084974,1.5537815917972315,0.0,0.0,0.0,1553.7815917972316,0.0,1553.7815917972316,0.0,1.5537815917972315,0.0,0.0,0.0,residential_1975_1990,19.37278843635191,4.921846335,0.0,51.91560000000001,7.947753795451713
2021,1,18,21,0,0.0,0.6,-1593.8793673261112,0.0,0.0,0.0,20228.13448939805,0.0,5737965.722374001,22.0,0.0,0.0,0.0,8135.656854808114,20.228134489398045,0.0,0.0,0.0,8.135656854808115,1.5938793673261114,0.0,0.0,0.0,1.5938793673261111,0.0,0.0,0.0,0.020228134489398,0.0,436559417.8729093,0.0,2021-01-18 20:00:00,22.0,27.0,4.039615744,0.07,0.372817549,0.3701815560443536,1.0,0.7852894808335428,none,0.0,0.0,0.0,0.0,22.0,0.0,0.6,0,0,0,4039.615744,53157.600000000006,0.0,1527.965630245164,0.0,8137.891446060605,0.0,0.18,0.82,0.37,0.36,0.0,0.0,8.135656854808115,1.5938793673261114,0.0,0.0,0.0,1593.8793673261114,0.0,1593.8793673261112,0.0,1.5938793673261111,0.0,0.0,0.0,residential_1975_1990,20.228134489398048,4.039615744,0.0,53.15760000000001,8.137891446060605
2021,1,18,22,0,0.0,1.1,-1554.2488334824366,0.0,0.0,0.0,20663.14440649322,0.0,5595295.80053677,22.0,0.0,0.0,0.0,8209.61852771562,20.663144406493217,0.0,0.0,0.0,8.20961852771562,1.5542488334824365,0.0,0.0,0.0,1.5542488334824365,0.0,0.0,0.0,0.0206631444064932,0.0,445947711.99738944,0.0,2021-01-18 21:00:00,22.0,27.0,3.604198432,0.07,0.372817549,0.3302808654095541,1.0,0.7852894808335428,none,0.0,0.0,0.0,0.0,22.0,0.0,1.1,0,0,0,3604.198432,51915.600000000006,0.0,1492.2654986973798,0.0,7947.753795451712,0.0,0.18,0.82,0.37,0.36,0.0,0.0,8.20961852771562,1.5542488334824365,0.0,0.0,0.0,1554.2488334824363,0.0,1554.2488334824366,0.0,1.5542488334824365,0.0,0.0,0.0,residential_1975_1990,20.663144406493217,3.604198432,0.0,51.915600000000005,7.947753795451712
2021,1,18,23,0,0.0,0.5,-1602.21745291176,0.0,0.0,0.0,21239.226096502825,0.0,5767982.830482337,22.0,0.0,0.0,0.0,8064.552305238417,21.239226096502826,0.0,0.0,0.0,8.064552305238417,1.60221745291176,0.0,0.0,0.0,1.60221745291176,0.0,0.0,0.0,0.0212392260965028,0.0,458380587.9687079,0.0,2021-01-18 22:00:00,22.0,27.0,2.536446665,0.07,0.372817549,0.2324344276229288,1.0,0.7852894808335428,none,0.0,0.0,0.0,0.0,22.0,0.0,0.5,0,0,0,2536.446665,53406.00000000001,0.0,1535.105656554721,0.0,8175.918976182384,0.0,0.18,0.82,0.37,0.36,0.0,0.0,8.064552305238417,1.60221745291176,0.0,0.0,0.0,1602.21745291176,0.0,1602.21745291176,0.0,1.60221745291176,0.0,0.0,0.0,residential_1975_1990,21.239226096502826,2.536446665,0.0,53.406000000000006,8.175918976182384
2021,1,18,24,0,0.0,0.7,-1586.5182105554538,0.0,0.0,0.0,21567.547967137973,0.0,5711465.557999634,22.000000000000004,0.0,0.0,0.0,7958.366417965267,21.567547967137973,0.0,0.0,0.0,7.958366417965267,1.5865182105554538,0.0,0.0,0.0,1.5865182105554538,0.0,0.0,0.0,0.0215675479671379,0.0,465466362.7243853,0.0,2021-01-18 23:00:00,22.0,27.0,1.901621411,0.07,0.372817549,0.1742604290957133,1.0,0.7852894808335428,none,0.0,0.0,0.0,0.0,22.0,0.0,0.7,0,0,0,1901.621411,52909.20000000002,0.0,1520.8256039356077,0.0,8099.8639159388285,0.0,0.18,0.82,0.37,0.36,0.0,0.0,7.958366417965267,1.5865182105554538,0.0,0.0,0.0,1586.5182105554538,0.0,1586.5182105554538,0.0,1.5865182105554538,0.0,0.0,0.0,residential_1975_1990,21.567547967137973,1.901621411,0.0,52.90920000000002,8.099863915938828
2021,1,18,1,0,0.0,-5.1,-2062.0617135007587,0.0,0.0,0.0,19973.849579721984,0.0,7423422.168602731,22.0,0.0,0.0,0.0,9102.003209609204,19.973849579721985,0.0,0.0,0.0,9.102003209609206,2.062061713500759,0.0,0.0,0.0,2.062061713500759,0.0,0.0,0.0,0.0199738495797219,0.0,71845248.91782683,0.0,2021-01-18 00:00:00,22.0,27.0,1.629709571,0.07,0.372817549,0.1493430224865358,1.0,0.7852894808335428,none,0.0,0.0,0.0,0.0,22.0,0.0,-5.1,0,0,0,1629.709571,44651.68319409283,0.0,1934.9471298899048,0.0,10305.460663001984,0.0,0.18,0.8200000000000001,0.3699999999999999,0.36,0.0,0.0,9.102003209609206,2.062061713500759,0.0,0.0,0.0,2062.0617135007587,0.0,2062.0617135007587,0.0,2.062061713500759,0.0,0.0,0.0,residential_1990_2000,19.973849579721982,1.6297095709999998,0.0,44.651683194092826,10.305460663001984
2021,1,18,2,0,0.0,-3.0,-1887.8105319363133,0.0,0.0,0.0,19003.562319410907,0.0,6796117.9149707295,22.000000000000004,0.0,0.0,0.0,8372.523394893355,19.003562319410907,0.0,0.0,0.0,8.372523394893355,1.8878105319363137,0.0,0.0,0.0,1.8878105319363132,0.0,0.0,0.0,0.0190035623194109,0.0,68355159.06506166,0.0,2021-01-18 01:00:00,22.0,27.0,1.565651263,0.07,0.372817549,0.1434728591750304,1.0,0.7852894808335428,none,0.0,0.0,0.0,0.0,22.0,0.0,-3.0,0,0,0,1565.651263,41191.58966244727,0.0,1785.006577389211,0.0,9506.882530444636,0.0,0.18,0.8200000000000001,0.3699999999999999,0.36,0.0,0.0,8.372523394893355,1.8878105319363137,0.0,0.0,0.0,1887.8105319363135,0.0,1887.8105319363133,0.0,1.8878105319363132,0.0,0.0,0.0,residential_1990_2000,19.003562319410904,1.565651263,0.0,41.19158966244727,9.506882530444635
2021,1,18,3,0,0.0,-3.1,-1896.1865836456584,0.0,0.0,0.0,19318.461466266333,0.0,6826271.701124372,22.000000000000004,0.0,0.0,0.0,8830.226458921934,19.31846146626633,0.0,0.0,0.0,8.830226458921935,1.8961865836456588,0.0,0.0,0.0,1.8961865836456584,0.0,0.0,0.0,0.0193184614662663,0.0,69487840.44926552,0.0,2021-01-18 02:00:00,22.0,27.0,1.546836934,0.07,0.372817549,0.141748755194226,1.0,0.7852894808335428,none,0.0,0.0,0.0,0.0,22.0,0.0,-3.1,0,0,0,1546.8369340000004,41356.35602109706,0.0,1792.146603698768,0.0,9544.910060566415,0.0,0.18,0.8200000000000001,0.3699999999999999,0.36,0.0,0.0,8.830226458921935,1.8961865836456588,0.0,0.0,0.0,1896.1865836456589,0.0,1896.1865836456584,0.0,1.8961865836456584,0.0,0.0,0.0,residential_1990_2000,19.31846146626633,1.546836934,0.0,41.356356021097056,9.544910060566414
2021,1,18,4,0,0.0,-3.6,-1936.8047806461268,0.0,0.0,0.0,19944.062037233976,0.0,6972497.210326057,22.0,0.0,0.0,0.0,9137.748339406122,19.944062037233977,0.0,0.0,0.0,9.13774833940612,1.9368047806461268,0.0,0.0,0.0,1.9368047806461268,0.0,0.0,0.0,0.0199440620372339,0.0,71738104.15356095,0.0,2021-01-18 03:00:00,22.0,27.0,1.558035939,0.07,0.372817549,0.1427750075310246,1.0,0.7852894808335428,none,0.0,0.0,0.0,0.0,22.0,0.0,-3.6,0,0,0,1558.0359390000003,42180.187814346,0.0,1827.846735246552,0.0,9735.047711175306,0.0,0.18,0.8200000000000001,0.3699999999999999,0.36,0.0,0.0,9.13774833940612,1.9368047806461268,0.0,0.0,0.0,1936.8047806461268,0.0,1936.8047806461268,0.0,1.9368047806461268,0.0,0.0,0.0,residential_1990_2000,19.944062037233973,1.5580359390000003,0.0,42.18018781434599,9.735047711175305
2021,1,18,5,0,0.0,-4.3,-1994.5648582718288,0.0,0.0,0.0,20465.928945270687,0.0,7180433.489778583,22.0,0.0,0.0,0.0,9470.655245398038,20.465928945270687,0.0,0.0,0.0,9.47065524539804,1.9945648582718285,0.0,0.0,0.0,1.9945648582718285,0.0,0.0,0.0,0.0204659289452706,0.0,73615241.44550987,0.0,2021-01-18 04:00:00,22.0,27.0,1.696903601,0.07,0.474751742,0.1555005365073275,1.0,1.0,none,0.0,0.0,0.0,0.0,22.0,0.0,-4.3,0,0,0,1696.9036010000002,43333.552324894525,0.0,1877.8269194134496,0.0,12735.737159514698,0.0,0.18,0.8200000000000001,0.3699999999999999,0.36,0.0,0.0,9.47065524539804,1.9945648582718285,0.0,0.0,0.0,1994.5648582718288,0.0,1994.5648582718288,0.0,1.9945648582718285,0.0,0.0,0.0,residential_1990_2000,20.465928945270687,1.696903601,0.0,43.33355232489452,12.735737159514697
2021,1,18,6,0,0.0,-5.0,-2052.6121492439534,0.0,0.0,3.637978807091713e-12,20299.758872387232,0.0,7389403.737278232,22.0,0.0,0.0,0.0,9697.126045232566,20.299758872387237,3.637978807091713e-15,0.0,0.0,9.697126045232563,2.052612149243953,0.0,0.0,0.0,2.052612149243953,0.0,0.0,0.0,0.0202997588723872,3.6379788070917136e-18,73017533.41725248,1.308568445507042e-08,2021-01-18 05:00:00,22.0,27.0,2.757409394,0.07,0.474751742,0.2526829690765356,1.0,1.0,none,0.0,0.0,0.0,0.0,22.0,0.0,-5.0,0,0,0,2757.4093940000007,44486.91683544304,0.0,1927.8071035803475,0.0,13074.71115235349,0.0,0.18,0.8200000000000001,0.3699999999999999,0.36,0.0,0.0,9.697126045232563,2.052612149243953,0.0,0.0,0.0,2052.6121492439534,0.0,2052.6121492439534,0.0,2.052612149243953,0.0,0.0,0.0,residential_1990_2000,20.29975887238723,2.757409394,0.0,44.48691683544303,13.074711152353489
2021,1,18,7,0,0.0,-5.3,-2077.680963784921,0.0,0.0,0.0,19678.407452505377,0.0,7479651.469625717,22.0,0.0,0.0,0.0,9687.92973310318,19.678407452505372,0.0,0.0,0.0,9.68792973310318,2.077680963784921,0.0,0.0,0.0,2.0776809637849216,0.0,0.0,0.0,0.0196784074525053,0.0,70782553.7630461,0.0,2021-01-18 06:00:00,22.0,27.0,4.092954646,0.07,0.474751742,0.3750694164230009,1.0,1.0,none,0.0,0.0,0.0,0.0,22.0,0.0,-5.3,0,0,0,4092.9546460000006,44981.21591139241,0.0,1949.2271825090183,0.0,13219.985720712975,0.0,0.18,0.8200000000000001,0.3699999999999999,0.36,0.0,0.0,9.68792973310318,2.077680963784921,0.0,0.0,0.0,2077.680963784921,0.0,2077.680963784921,0.0,2.0776809637849216,0.0,0.0,0.0,residential_1990_2000,19.678407452505375,4.092954646,0.0,44.98121591139241,13.219985720712973
2021,1,18,8,0,0.0,-5.5,-2095.2633212778383,0.0,0.0,0.0,19447.57116569633,0.0,7542947.956600218,22.000000000000004,0.0,0.0,0.0,9553.568700309896,19.447571165696328,0.0,0.0,0.0,9.553568700309896,2.095263321277838,0.0,0.0,0.0,2.095263321277838,0.0,0.0,0.0,0.0194475711656963,0.0,69952243.59079468,0.0,2021-01-18 07:00:00,22.0,27.0,4.560374093,0.07,0.474751742,0.4179027127514577,1.0,1.0,none,0.0,0.0,0.0,0.0,22.0,0.0,-5.5,0,0,0,4560.374093,45310.748628692,0.0,1963.507235128132,0.0,13316.835432952632,0.0,0.18,0.8200000000000001,0.3699999999999999,0.36,0.0,0.0,9.553568700309896,2.095263321277838,0.0,0.0,0.0,2095.2633212778383,0.0,2095.2633212778383,0.0,2.095263321277838,0.0,0.0,0.0,residential_1990_2000,19.447571165696328,4.560374093,0.0,45.310748628692,13.31683543295263
2021,1,18,9,0,1100.32057471443,-5.2,-2070.152519129112,0.0,0.0,0.0,18830.96343919229,0.0,7452549.068864802,22.0,0.0,0.0,0.0,8123.098509607439,18.83096343919229,0.0,1.10032057471443,0.0,8.12309850960744,2.0701525191291115,0.0,0.0,0.0,2.0701525191291115,0.0,0.0,0.0,0.0188309634391922,0.0,67734326.83826678,0.0,2021-01-18 08:00:00,22.0,27.0,3.981860517,0.07,0.474751742,0.3648889932969413,1.0,1.0,none,0.0,0.0,0.0,0.0,22.0,0.0,-5.2,2,29,1,3981.860517000001,44816.44955274262,0.0,1942.087156199461,0.0,13171.560864593146,0.0,0.18,0.8200000000000001,0.3699999999999999,0.36,1.10032057471443,0.0,8.12309850960744,2.0701525191291115,0.0,0.0,0.0,2070.152519129112,0.0,2070.152519129112,0.0,2.0701525191291115,0.0,0.0,0.0,residential_1990_2000,18.830963439192285,3.9818605170000003,1.1003205747144298,44.81644955274261,13.171560864593145
2021,1,18,10,0,10639.58781300429,-4.0,-1970.507044972472,0.0,0.0,0.0,11154.104003203916,0.0,7093825.361900899,22.0,0.0,0.0,3337.0464635601784,0.0,11.154104003203916,0.0,10.639587813004288,3.337046463560178,0.0,1.970507044972472,0.0,0.0,0.0,1.970507044972472,0.0,0.0,0.0,0.0111541040032039,0.0,40120927.88458199,0.0,2021-01-18 09:00:00,22.0,27.0,3.72556163,0.07,0.474751742,0.3414023235702437,1.0,1.0,none,0.0,0.0,0.0,0.0,22.0,0.0,-4.0,56,223,32,3725.5616300000006,42839.25324894516,0.0,1856.4068404847792,0.0,12590.462591155214,0.0,0.18,0.8200000000000001,0.3699999999999999,0.36,10.639587813004288,3.337046463560178,0.0,1.970507044972472,0.0,0.0,0.0,1970.507044972472,0.0,1970.507044972472,0.0,1.970507044972472,0.0,0.0,0.0,residential_1990_2000,11.154104003203916,3.72556163,10.639587813004288,42.839253248945155,12.590462591155212
2021,1,18,11,0,11515.465136369448,-2.7,-1862.7593806158004,0.0,0.0,9.094947017729282e-13,7578.661051024538,0.0,6705933.770216881,22.0,0.0,0.0,5274.076891938347,0.0,7.578661051024538,9.094947017729285e-16,11.515465136369446,5.274076891938347,0.0,1.8627593806158005,0.0,0.0,0.0,1.8627593806158005,0.0,0.0,0.0,0.0075786610510245,9.094947017729282e-19,27260182.74551739,3.271421113767605e-09,2021-01-18 10:00:00,22.0,27.0,3.763190286,0.07,0.474751742,0.3448505313485768,1.0,1.0,none,0.0,0.0,0.0,0.0,22.0,0.0,-2.7,135,205,89,3763.190286000001,40697.2905864979,0.0,1763.5864984605405,0.0,11960.939461597452,0.0,0.18,0.8200000000000001,0.3699999999999999,0.36,11.515465136369446,5.274076891938347,0.0,1.8627593806158005,0.0,0.0,0.0,1862.7593806158,0.0,1862.7593806158004,0.0,1.8627593806158005,0.0,0.0,0.0,residential_1990_2000,7.578661051024537,3.7631902860000004,11.515465136369446,40.69729058649789,11.960939461597452
2021,1,18,12,0,10080.28263306484,-1.6,-1772.9394817602545,0.0,0.0,0.0,7091.058618872356,0.0,6382582.134336917,22.0,0.0,0.0,3777.005821126915,0.0,7.0910586188723554,0.0,10.080282633064838,3.7770058211269153,0.0,1.7729394817602546,0.0,0.0,0.0,1.7729394817602544,0.0,0.0,0.0,0.0070910586188723,0.0,25506293.59304892,0.0,2021-01-18 11:00:00,22.0,27.0,3.984930584,0.07,0.474751742,0.3651703275255517,1.0,1.0,none,0.0,0.0,0.0,0.0,22.0,0.0,-1.6,169,123,131,3984.9305840000006,38884.86064135021,0.0,1685.046209055415,0.0,11428.266044279348,0.0,0.18,0.8200000000000001,0.3699999999999999,0.36,10.080282633064838,3.7770058211269153,0.0,1.7729394817602546,0.0,0.0,0.0,1772.9394817602547,0.0,1772.9394817602545,0.0,1.7729394817602544,0.0,0.0,0.0,residential_1990_2000,7.0910586188723554,3.984930584,10.08028263306484,38.88486064135021,11.428266044279347
2021,1,18,13,0,6653.743725729194,-0.9,-1715.3399044716004,0.0,0.0,0.0,8514.400967369336,0.0,6175223.65609776,22.0,0.0,0.0,0.0,92.93721794045727,8.514400967369337,0.0,6.653743725729194,0.0,0.0929372179404572,1.7153399044716,0.0,0.0,0.0,1.7153399044716005,0.0,0.0,0.0,0.0085144009673693,0.0,30626006.99205576,0.0,2021-01-18 12:00:00,22.0,27.0,4.094298526,0.07,0.474751742,0.3751925666484341,1.0,1.0,none,0.0,0.0,0.0,0.0,22.0,0.0,-0.9,145,17,139,4094.298526000001,37731.49613080169,0.0,1635.0660248885167,0.0,11089.29205144055,0.0,0.18,0.8200000000000001,0.3699999999999999,0.36,6.653743725729194,0.0,0.0929372179404572,1.7153399044716,0.0,0.0,0.0,1715.3399044716,0.0,1715.3399044716004,0.0,1.7153399044716005,0.0,0.0,0.0,residential_1990_2000,8.514400967369335,4.094298526,6.653743725729194,37.73149613080168,11.08929205144055
2021,1,18,14,0,3282.6939741469887,-2.5,-1846.5852229805769,0.0,0.0,0.0,12110.675136565726,0.0,6647706.802730076,22.0,0.0,0.0,0.0,4590.701521924983,12.110675136565726,0.0,3.2826939741469885,0.0,4.590701521924983,1.8465852229805768,0.0,0.0,0.0,1.8465852229805768,0.0,0.0,0.0,0.0121106751365657,0.0,43561681.30117719,0.0,2021-01-18 13:00:00,22.0,27.0,3.841201014,0.07,0.474751742,0.3519992639284231,1.0,1.0,none,0.0,0.0,0.0,0.0,22.0,0.0,-2.5,76,0,76,3841.2010140000007,40367.75786919832,0.0,1749.3064458414265,0.0,11864.089749357796,0.0,0.18,0.8200000000000001,0.3699999999999999,0.36,3.2826939741469885,0.0,4.590701521924983,1.8465852229805768,0.0,0.0,0.0,1846.5852229805769,0.0,1846.5852229805769,0.0,1.8465852229805768,0.0,0.0,0.0,residential_1990_2000,12.110675136565725,3.841201014,3.2826939741469885,40.367757869198314,11.864089749357795
2021,1,18,15,0,2538.520653193282,-1.8,-1788.6773432505977,0.0,0.0,0.0,13171.607866558845,0.0,6439238.435702152,22.0,0.0,0.0,0.0,4978.151057730087,13.171607866558842,0.0,2.5385206531932822,0.0,4.978151057730087,1.7886773432505976,0.0,0.0,0.0,1.7886773432505978,0.0,0.0,0.0,0.0131716078665588,0.0,47377819.78600931,0.0,2021-01-18 14:00:00,22.0,27.0,3.521291779,0.07,0.474751742,0.3226834809653644,1.0,1.0,none,0.0,0.0,0.0,0.0,22.0,0.0,-1.8,56,9,53,3521.291779,39214.3933586498,0.0,1699.3262616745287,0.0,11525.115756519004,0.0,0.18,0.8200000000000001,0.3699999999999999,0.36,2.5385206531932822,0.0,4.978151057730087,1.7886773432505976,0.0,0.0,0.0,1788.6773432505977,0.0,1788.6773432505977,0.0,1.7886773432505978,0.0,0.0,0.0,residential_1990_2000,13.171607866558844,3.521291779,2.538520653193282,39.2143933586498,11.525115756519003
2021,1,18,16,0,2699.21519700614,-1.3,-1748.2105706204532,0.0,0.0,0.0,12842.046803210862,0.0,6293558.05423363,22.000000000000004,0.0,0.0,0.0,4630.5716393947005,12.84204680321086,0.0,2.69921519700614,0.0,4.6305716393947005,1.748210570620453,0.0,0.0,0.0,1.7482105706204532,0.0,0.0,0.0,0.0128420468032108,0.0,46192399.99322699,0.0,2021-01-18 15:00:00,22.0,27.0,3.528459143,0.07,0.474751742,0.3233402825342258,1.0,1.0,none,0.0,0.0,0.0,0.0,22.0,0.0,-1.3,41,29,34,3528.4591430000005,38390.56156540086,0.0,1663.6261301267448,0.0,11282.991475919867,0.0,0.18,0.8200000000000001,0.3699999999999999,0.36,2.69921519700614,0.0,4.6305716393947005,1.748210570620453,0.0,0.0,0.0,1748.210570620453,0.0,1748.2105706204532,0.0,1.7482105706204532,0.0,0.0,0.0,residential_1990_2000,12.842046803210861,3.528459143,2.6992151970061395,38.39056156540085,11.282991475919866
2021,1,18,17,0,0.0,-1.3,-1747.906690680562,0.0,0.0,1.8189894035458565e-12,14759.045541316224,0.0,6292464.086450023,22.0,0.0,0.0,0.0,7738.814421600782,14.759045541316226,1.8189894035458565e-15,0.0,0.0,7.738814421600782,1.7479066906805618,0.0,0.0,0.0,1.747906690680562,0.0,0.0,0.0,0.0147590455413162,1.8189894035458564e-18,53087778.42113727,6.54284222753521e-09,2021-01-18 16:00:00,22.0,27.0,3.948197848,0.07,0.474751742,0.3618042198975073,1.0,1.0,none,0.0,0.0,0.0,0.0,22.0,0.0,-1.3,17,16,15,3948.197848,38390.56156540085,0.0,1663.6261301267446,0.0,11282.991475919864,0.0,0.18,0.8200000000000001,0.3699999999999999,0.36,0.0,0.0,7.738814421600782,1.7479066906805618,0.0,0.0,0.0,1747.9066906805615,0.0,1747.906690680562,0.0,1.747906690680562,0.0,0.0,0.0,residential_1990_2000,14.759045541316222,3.9481978479999995,0.0,38.390561565400844,11.282991475919863
2021,1,18,18,0,0.0,-1.0,-1723.437929973069,0.0,0.0,0.0,14727.714012936627,0.0,6204376.547903049,22.0,0.0,0.0,0.0,7340.711813106771,14.727714012936628,0.0,0.0,0.0,7.340711813106771,1.723437929973069,0.0,0.0,0.0,1.723437929973069,0.0,0.0,0.0,0.0147277140129366,0.0,52975079.99280358,0.0,2021-01-18 17:00:00,22.0,27.0,4.383636219,0.07,0.474751742,0.4017068403330312,1.0,1.0,none,0.0,0.0,0.0,0.0,22.0,0.0,-1.0,2,0,2,4383.636219,37896.26248945148,0.0,1642.206051198074,0.0,11137.716907560382,0.0,0.18,0.8200000000000001,0.3699999999999999,0.36,0.0,0.0,7.340711813106771,1.723437929973069,0.0,0.0,0.0,1723.437929973069,0.0,1723.437929973069,0.0,1.723437929973069,0.0,0.0,0.0,residential_1990_2000,14.727714012936625,4.383636219,0.0,37.89626248945147,11.13771690756038
2021,1,18,19,0,0.0,0.2,-1625.9845680228068,0.0,0.0,0.0,13803.72062306393,0.0,5853544.444882105,22.0,0.0,0.0,0.0,7460.11738257278,13.80372062306393,0.0,0.0,0.0,7.46011738257278,1.6259845680228069,0.0,0.0,0.0,1.6259845680228069,0.0,0.0,0.0,0.0138037206230639,0.0,49651507.597363785,0.0,2021-01-18 18:00:00,22.0,27.0,5.259160364,0.07,0.372817549,0.48193795905562,1.0,0.7852894808335428,none,0.0,0.0,0.0,0.0,22.0,0.0,0.2,0,0,0,5259.160364000001,35919.06618565402,0.0,1556.5257354833918,0.0,8290.001566547722,0.0,0.18,0.8200000000000001,0.3699999999999999,0.36,0.0,0.0,7.46011738257278,1.6259845680228069,0.0,0.0,0.0,1625.9845680228068,0.0,1625.9845680228068,0.0,1.6259845680228069,0.0,0.0,0.0,residential_1990_2000,13.803720623063928,5.259160364,0.0,35.91906618565401,8.290001566547721
2021,1,18,20,0,0.0,1.1,-1553.7815917972316,0.0,0.0,0.0,13827.566748933546,0.0,5593613.730470033,22.0,0.0,0.0,0.0,7600.881106216402,13.827566748933547,0.0,0.0,0.0,7.600881106216402,1.5537815917972315,0.0,0.0,0.0,1.5537815917972315,0.0,0.0,0.0,0.0138275667489335,0.0,49737281.2907117,0.0,2021-01-18 19:00:00,22.0,27.0,4.921846335,0.07,0.372817549,0.4510272388178659,1.0,0.7852894808335428,none,0.0,0.0,0.0,0.0,22.0,0.0,1.1,0,0,0,4921.846335,34436.16895780591,0.0,1492.26549869738,0.0,7947.753795451714,0.0,0.18,0.8200000000000001,0.3699999999999999,0.36,0.0,0.0,7.600881106216402,1.5537815917972315,0.0,0.0,0.0,1553.7815917972316,0.0,1553.7815917972316,0.0,1.5537815917972315,0.0,0.0,0.0,residential_1990_2000,13.827566748933545,4.921846335,0.0,34.436168957805904,7.947753795451713
2021,1,18,21,0,0.0,0.6,-1593.879367326111,0.0,0.0,1.8189894035458565e-12,14611.17316883986,0.0,5737965.722374,22.0,0.0,0.0,0.0,7819.642379758886,14.61117316883986,1.8189894035458565e-15,0.0,0.0,7.819642379758886,1.593879367326111,0.0,0.0,0.0,1.593879367326111,0.0,0.0,0.0,0.0146111731688398,1.8189894035458564e-18,52555886.59096048,6.54284222753521e-09,2021-01-18 20:00:00,22.0,27.0,4.039615744,0.07,0.372817549,0.3701815560443536,1.0,0.7852894808335428,none,0.0,0.0,0.0,0.0,22.0,0.0,0.6,0,0,0,4039.615744,35260.000751054846,0.0,1527.9656302451642,0.0,8137.891446060606,0.0,0.18,0.8200000000000001,0.3699999999999999,0.36,0.0,0.0,7.819642379758886,1.593879367326111,0.0,0.0,0.0,1593.879367326111,0.0,1593.879367326111,0.0,1.593879367326111,0.0,0.0,0.0,residential_1990_2000,14.611173168839859,4.039615744,0.0,35.26000075105484,8.137891446060605
2021,1,18,22,0,0.0,1.1,-1554.2488334824366,0.0,0.0,0.0,15011.031795330491,0.0,5595295.80053677,22.0,0.0,0.0,0.0,7888.597651499605,15.011031795330492,0.0,0.0,0.0,7.888597651499605,1.5542488334824365,0.0,0.0,0.0,1.5542488334824365,0.0,0.0,0.0,0.0150110317953304,0.0,53994164.29689281,0.0,2021-01-18 21:00:00,22.0,27.0,3.604198432,0.07,0.372817549,0.3302808654095541,1.0,0.7852894808335428,none,0.0,0.0,0.0,0.0,22.0,0.0,1.1,0,0,0,3604.1984320000006,34436.16895780591,0.0,1492.26549869738,0.0,7947.753795451714,0.0,0.18,0.8200000000000001,0.3699999999999999,0.36,0.0,0.0,7.888597651499605,1.5542488334824365,0.0,0.0,0.0,1554.2488334824363,0.0,1554.2488334824366,0.0,1.5542488334824365,0.0,0.0,0.0,residential_1990_2000,15.011031795330489,3.604198432,0.0,34.436168957805904,7.947753795451713
2021,1,18,23,0,0.0,0.5,-1602.2174529117597,0.0,0.0,1.8189894035458565e-12,15646.801433171786,0.0,5767982.830482335,21.999999999999996,0.0,0.0,0.0,7757.0454993655585,15.646801433171786,1.8189894035458565e-15,0.0,0.0,7.757045499365558,1.6022174529117597,0.0,0.0,0.0,1.6022174529117597,0.0,0.0,0.0,0.0156468014331717,1.8189894035458564e-18,56281005.78444846,6.54284222753521e-09,2021-01-18 22:00:00,22.0,27.0,2.536446665,0.07,0.372817549,0.2324344276229288,1.0,0.7852894808335428,none,0.0,0.0,0.0,0.0,22.0,0.0,0.5,0,0,0,2536.4466650000004,35424.76710970463,0.0,1535.1056565547208,0.0,8175.918976182384,0.0,0.18,0.8200000000000001,0.3699999999999999,0.36,0.0,0.0,7.757045499365558,1.6022174529117597,0.0,0.0,0.0,1602.2174529117597,0.0,1602.2174529117597,0.0,1.6022174529117597,0.0,0.0,0.0,residential_1990_2000,15.646801433171785,2.536446665,0.0,35.42476710970463,8.175918976182382
2021,1,18,24,0,0.0,0.7,-1586.518210555453,0.0,0.0,0.0,16029.24371277947,0.0,5711465.557999631,21.999999999999996,0.0,0.0,0.0,7657.783448949719,16.02924371277947,0.0,0.0,0.0,7.657783448949719,1.5865182105554532,0.0,0.0,0.0,1.586518210555453,0.0,0.0,0.0,0.0160292437127794,0.0,57656637.49056736,0.0,2021-01-18 23:00:00,22.0,27.0,1.901621411,0.07,0.372817549,0.1742604290957133,1.0,0.7852894808335428,none,0.0,0.0,0.0,0.0,22.0,0.0,0.7,0,0,0,1901.6214110000003,35095.23439240506,0.0,1520.8256039356072,0.0,8099.863915938827,0.0,0.18,0.8200000000000001,0.3699999999999999,0.36,0.0,0.0,7.657783448949719,1.5865182105554532,0.0,0.0,0.0,1586.5182105554532,0.0,1586.518210555453,0.0,1.586518210555453,0.0,0.0,0.0,residential_1990_2000,16.02924371277947,1.901621411,0.0,35.095234392405054,8.099863915938826
2021,1,18,1,0,0.0,-5.1,-2062.0617135007587,0.0,0.0,0.0,11479.33191059003,0.0,7423422.168602731,22.0,0.0,0.0,0.0,5837.244383347852,11.47933191059003,0.0,0.0,0.0,5.837244383347852,2.062061713500759,0.0,0.0,0.0,2.062061713500759,0.0,0.0,0.0,0.01147933191059,0.0,175485736.22467595,0.0,2021-01-18 00:00:00,22.0,27.0,1.629709571,0.07,0.372817549,0.1493430224865358,1.0,0.7852894808335428,none,0.0,0.0,0.0,0.0,22.0,0.0,-5.1,0,0,0,1629.709571,29223.378763713084,0.0,1934.9471298899048,0.0,10305.460663001984,0.0,0.18,0.8199999999999998,0.37,0.36,0.0,0.0,5.837244383347852,2.062061713500759,0.0,0.0,0.0,2062.0617135007587,0.0,2062.0617135007587,0.0,2.062061713500759,0.0,0.0,0.0,residential_2000_2014,11.47933191059003,1.629709571,0.0,29.223378763713086,10.305460663001984
2021,1,18,2,0,0.0,-3.0,-1887.8105319363133,0.0,0.0,0.0,10957.689853827747,0.0,6796117.914970728,22.0,0.0,0.0,0.0,5359.935651129286,10.957689853827748,0.0,0.0,0.0,5.359935651129287,1.8878105319363128,0.0,0.0,0.0,1.8878105319363128,0.0,0.0,0.0,0.0109576898538277,0.0,167511340.0586208,0.0,2021-01-18 01:00:00,22.0,27.0,1.565651263,0.07,0.372817549,0.1434728591750304,1.0,0.7852894808335428,none,0.0,0.0,0.0,0.0,22.0,0.0,-3.0,0,0,0,1565.651263,26958.836497890297,0.0,1785.0065773892109,0.0,9506.882530444636,0.0,0.18,0.8199999999999998,0.37,0.36,0.0,0.0,5.359935651129287,1.8878105319363128,0.0,0.0,0.0,1887.8105319363133,0.0,1887.8105319363133,0.0,1.8878105319363128,0.0,0.0,0.0,residential_2000_2014,10.957689853827747,1.565651263,0.0,26.958836497890296,9.506882530444637
2021,1,18,3,0,0.0,-3.1,-1896.1865836456584,0.0,0.0,1.8189894035458565e-12,11144.328613459016,0.0,6826271.70112437,22.0,0.0,0.0,0.0,5586.446122531655,11.144328613459017,1.8189894035458565e-15,0.0,0.0,5.586446122531656,1.8961865836456584,0.0,0.0,0.0,1.8961865836456584,0.0,0.0,0.0,0.011144328613459,1.8189894035458564e-18,170364506.11367133,2.7807079467024646e-08,2021-01-18 02:00:00,22.0,27.0,1.546836934,0.07,0.372817549,0.141748755194226,1.0,0.7852894808335428,none,0.0,0.0,0.0,0.0,22.0,0.0,-3.1,0,0,0,1546.8369340000002,27066.67184388186,0.0,1792.146603698768,0.0,9544.910060566412,0.0,0.18,0.8199999999999998,0.37,0.36,0.0,0.0,5.586446122531656,1.8961865836456584,0.0,0.0,0.0,1896.1865836456584,0.0,1896.1865836456584,0.0,1.8961865836456584,0.0,0.0,0.0,residential_2000_2014,11.144328613459017,1.546836934,0.0,27.06667184388186,9.544910060566412
2021,1,18,4,0,0.0,-3.6,-1936.8047806461268,0.0,0.0,0.0,11534.568566245462,0.0,6972497.210326057,22.0,0.0,0.0,0.0,5769.434815651549,11.53456856624546,0.0,0.0,0.0,5.7694348156515485,1.9368047806461268,0.0,0.0,0.0,1.9368047806461268,0.0,0.0,0.0,0.0115345685662454,0.0,176330144.7024324,0.0,2021-01-18 03:00:00,22.0,27.0,1.558035939,0.07,0.372817549,0.1427750075310246,1.0,0.7852894808335428,none,0.0,0.0,0.0,0.0,22.0,0.0,-3.6,0,0,0,1558.035939,27605.848573839667,0.0,1827.846735246552,0.0,9735.047711175306,0.0,0.18,0.8199999999999998,0.37,0.36,0.0,0.0,5.7694348156515485,1.9368047806461268,0.0,0.0,0.0,1936.8047806461268,0.0,1936.8047806461268,0.0,1.9368047806461268,0.0,0.0,0.0,residential_2000_2014,11.534568566245461,1.558035939,0.0,27.605848573839666,9.735047711175307
2021,1,18,5,0,0.0,-4.3,-1994.5648582718288,0.0,0.0,0.0,11843.599354629798,0.0,7180433.489778583,22.0,0.0,0.0,0.0,5947.527461512174,11.8435993546298,0.0,0.0,0.0,5.947527461512174,1.9945648582718285,0.0,0.0,0.0,1.9945648582718285,0.0,0.0,0.0,0.0118435993546298,0.0,181054330.38136443,0.0,2021-01-18 04:00:00,22.0,27.0,1.696903601,0.07,0.474751742,0.1555005365073275,1.0,1.0,none,0.0,0.0,0.0,0.0,22.0,0.0,-4.3,0,0,0,1696.903601,28360.695995780592,0.0,1877.8269194134496,0.0,12735.737159514698,0.0,0.18,0.8199999999999998,0.37,0.36,0.0,0.0,5.947527461512174,1.9945648582718285,0.0,0.0,0.0,1994.5648582718288,0.0,1994.5648582718288,0.0,1.9945648582718285,0.0,0.0,0.0,residential_2000_2014,11.843599354629799,1.696903601,0.0,28.360695995780592,12.735737159514699
2021,1,18,6,0,0.0,-5.0,-2052.6121492439534,0.0,0.0,0.0,11519.562862956443,0.0,7389403.737278232,22.0,0.0,0.0,0.0,6052.682073404284,11.519562862956445,0.0,0.0,0.0,6.052682073404284,2.052612149243953,0.0,0.0,0.0,2.052612149243953,0.0,0.0,0.0,0.0115195628629564,0.0,176100750.96159866,0.0,2021-01-18 05:00:00,22.0,27.0,2.757409394,0.07,0.474751742,0.2526829690765356,1.0,1.0,none,0.0,0.0,0.0,0.0,22.0,0.0,-5.0,0,0,0,2757.409394,29115.54341772152,0.0,1927.8071035803475,0.0,13074.71115235349,0.0,0.18,0.8199999999999998,0.37,0.36,0.0,0.0,6.052682073404284,2.052612149243953,0.0,0.0,0.0,2052.6121492439534,0.0,2052.6121492439534,0.0,2.052612149243953,0.0,0.0,0.0,residential_2000_2014,11.519562862956443,2.7574093939999997,0.0,29.115543417721522,13.074711152353489
2021,1,18,7,0,0.0,-5.3,-2077.680963784922,0.0,0.0,1.8189894035458565e-12,10831.439973507602,0.0,7479651.469625719,22.000000000000004,0.0,0.0,0.0,6048.281322913839,10.831439973507605,1.8189894035458565e-15,0.0,0.0,6.048281322913839,2.077680963784922,0.0,0.0,0.0,2.077680963784922,0.0,0.0,0.0,0.0108314399735076,1.8189894035458564e-18,165581345.05814356,2.7807079467024646e-08,2021-01-18 06:00:00,22.0,27.0,4.092954646,0.07,0.474751742,0.3750694164230009,1.0,1.0,none,0.0,0.0,0.0,0.0,22.0,0.0,-5.3,0,0,0,4092.954646,29439.049455696208,0.0,1949.2271825090183,0.0,13219.985720712975,0.0,0.18,0.8199999999999998,0.37,0.36,0.0,0.0,6.048281322913839,2.077680963784922,0.0,0.0,0.0,2077.680963784922,0.0,2077.680963784922,0.0,2.077680963784922,0.0,0.0,0.0,residential_2000_2014,10.831439973507603,4.092954646,0.0,29.439049455696207,13.219985720712975
2021,1,18,8,0,0.0,-5.5,-2095.2633212778383,0.0,0.0,0.0,10595.264509729095,0.0,7542947.956600218,22.000000000000004,0.0,0.0,0.0,6011.645734451545,10.595264509729097,0.0,0.0,0.0,6.011645734451545,2.095263321277838,0.0,0.0,0.0,2.095263321277838,0.0,0.0,0.0,0.010595264509729,0.0,161970906.27458152,0.0,2021-01-18 07:00:00,22.0,27.0,4.560374093,0.07,0.474751742,0.4179027127514577,1.0,1.0,none,0.0,0.0,0.0,0.0,22.0,0.0,-5.5,0,0,0,4560.374093,29654.72014767933,0.0,1963.507235128132,0.0,13316.835432952632,0.0,0.18,0.8199999999999998,0.37,0.36,0.0,0.0,6.011645734451545,2.095263321277838,0.0,0.0,0.0,2095.2633212778383,0.0,2095.2633212778383,0.0,2.095263321277838,0.0,0.0,0.0,residential_2000_2014,10.595264509729095,4.560374093,0.0,29.65472014767933,13.316835432952631
2021,1,18,9,0,878.2166122572863,-5.2,-2070.152519129112,0.0,0.0,0.0,10320.769606995997,0.0,7452549.068864802,22.000000000000004,0.0,0.0,0.0,4926.576801100506,10.320769606995997,0.0,0.8782166122572863,0.0,4.926576801100506,2.0701525191291115,0.0,0.0,0.0,2.0701525191291115,0.0,0.0,0.0,0.0103207696069959,0.0,157774674.25766414,0.0,2021-01-18 08:00:00,22.0,27.0,3.981860517,0.07,0.474751742,0.3648889932969413,1.0,1.0,none,0.0,0.0,0.0,0.0,22.0,0.0,-5.2,2,29,1,3981.860517,29331.214109704648,0.0,1942.0871561994616,0.0,13171.560864593148,0.0,0.18,0.8199999999999998,0.37,0.36,0.8782166122572863,0.0,4.926576801100506,2.0701525191291115,0.0,0.0,0.0,2070.152519129112,0.0,2070.152519129112,0.0,2.0701525191291115,0.0,0.0,0.0,residential_2000_2014,10.320769606995997,3.981860517,0.8782166122572863,29.331214109704646,13.171560864593149
2021,1,18,10,0,8491.945874384312,-4.0,-1970.507044972472,0.0,0.0,0.0,5080.202356079957,0.0,7093825.3619009,22.000000000000004,0.0,0.0,4511.122489453102,0.0,5.080202356079957,0.0,8.491945874384312,4.511122489453102,0.0,1.970507044972472,0.0,0.0,0.0,1.970507044972472,0.0,0.0,0.0,0.0050802023560799,0.0,77661579.74791077,0.0,2021-01-18 09:00:00,22.0,27.0,3.72556163,0.07,0.474751742,0.3414023235702437,1.0,1.0,none,0.0,0.0,0.0,0.0,22.0,0.0,-4.0,56,223,32,3725.56163,28037.189957805916,0.0,1856.4068404847797,0.0,12590.462591155216,0.0,0.18,0.8199999999999998,0.37,0.36,8.491945874384312,4.511122489453102,0.0,1.970507044972472,0.0,0.0,0.0,1970.507044972472,0.0,1970.507044972472,0.0,1.970507044972472,0.0,0.0,0.0,residential_2000_2014,5.080202356079957,3.72556163,8.491945874384312,28.037189957805918,12.590462591155216
2021,1,18,11,0,9191.023973399882,-2.7,-1862.7593806158,0.0,0.0,4.547473508864641e-13,2872.340127914882,0.0,6705933.77021688,22.0,0.0,0.0,5984.711563364726,0.0,2.872340127914882,4.547473508864641e-16,9.191023973399885,5.984711563364726,0.0,1.8627593806158,0.0,0.0,0.0,1.8627593806158005,0.0,0.0,0.0,0.0028723401279148,4.547473508864641e-19,43909761.12205774,6.9517698667561615e-09,2021-01-18 10:00:00,22.0,27.0,3.763190286,0.07,0.474751742,0.3448505313485768,1.0,1.0,none,0.0,0.0,0.0,0.0,22.0,0.0,-2.7,135,205,89,3763.190286,26635.33045991561,0.0,1763.58649846054,0.0,11960.93946159745,0.0,0.18,0.8199999999999998,0.37,0.36,9.191023973399885,5.984711563364726,0.0,1.8627593806158,0.0,0.0,0.0,1862.7593806158,0.0,1862.7593806158,0.0,1.8627593806158005,0.0,0.0,0.0,residential_2000_2014,2.872340127914882,3.763190286,9.191023973399883,26.63533045991561,11.96093946159745
2021,1,18,12,0,8045.53860759503,-1.6,-1772.939481760255,0.0,0.0,4.547473508864641e-13,2502.3304698214924,0.0,6382582.134336918,22.0,0.0,0.0,4722.412144924889,0.0,2.5023304698214925,4.547473508864641e-16,8.04553860759503,4.722412144924888,0.0,1.7729394817602548,0.0,0.0,0.0,1.7729394817602548,0.0,0.0,0.0,0.0025023304698214,4.547473508864641e-19,38253385.14421378,6.9517698667561615e-09,2021-01-18 11:00:00,22.0,27.0,3.984930584,0.07,0.474751742,0.3651703275255517,1.0,1.0,none,0.0,0.0,0.0,0.0,22.0,0.0,-1.6,169,123,131,3984.930584,25449.141654008443,0.0,1685.0462090554151,0.0,11428.26604427935,0.0,0.18,0.8199999999999998,0.37,0.36,8.04553860759503,4.722412144924888,0.0,1.7729394817602548,0.0,0.0,0.0,1772.939481760255,0.0,1772.939481760255,0.0,1.7729394817602548,0.0,0.0,0.0,residential_2000_2014,2.5023304698214925,3.984930584,8.04553860759503,25.449141654008443,11.428266044279349
2021,1,18,13,0,5310.659827614731,-0.9,-1715.339904471601,0.0,0.0,0.0,3475.541335189715,0.0,6175223.656097761,22.0,0.0,0.0,1499.6841185808316,0.0,3.475541335189715,0.0,5.310659827614731,1.4996841185808316,0.0,1.7153399044716005,0.0,0.0,0.0,1.715339904471601,0.0,0.0,0.0,0.0034755413351897,0.0,53130960.47187223,0.0,2021-01-18 12:00:00,22.0,27.0,4.094298526,0.07,0.474751742,0.3751925666484341,1.0,1.0,none,0.0,0.0,0.0,0.0,22.0,0.0,-0.9,145,17,139,4094.298526,24694.29423206751,0.0,1635.066024888517,0.0,11089.292051440552,0.0,0.18,0.8199999999999998,0.37,0.36,5.310659827614731,1.4996841185808316,0.0,1.7153399044716005,0.0,0.0,0.0,1715.3399044716004,0.0,1715.339904471601,0.0,1.715339904471601,0.0,0.0,0.0,residential_2000_2014,3.475541335189715,4.094298526,5.310659827614731,24.69429423206751,11.089292051440552
2021,1,18,14,0,2620.0695027440315,-2.5,-1846.585222980577,0.0,0.0,0.0,5708.31693602141,0.0,6647706.802730077,22.0,0.0,0.0,0.0,2122.5368220831588,5.70831693602141,0.0,2.620069502744032,0.0,2.122536822083158,1.846585222980577,0.0,0.0,0.0,1.846585222980577,0.0,0.0,0.0,0.0057083169360214,0.0,87263632.40681097,0.0,2021-01-18 13:00:00,22.0,27.0,3.841201014,0.07,0.474751742,0.3519992639284231,1.0,1.0,none,0.0,0.0,0.0,0.0,22.0,0.0,-2.5,76,0,76,3841.201014,26419.65976793249,0.0,1749.3064458414267,0.0,11864.089749357798,0.0,0.18,0.8199999999999998,0.37,0.36,2.620069502744032,0.0,2.122536822083158,1.846585222980577,0.0,0.0,0.0,1846.585222980577,0.0,1846.585222980577,0.0,1.846585222980577,0.0,0.0,0.0,residential_2000_2014,5.70831693602141,3.841201014,2.6200695027440317,26.41965976793249,11.864089749357797
2021,1,18,15,0,2026.1104440129768,-1.8,-1788.677343250598,0.0,0.0,0.0,6605.565020481721,0.0,6439238.435702153,22.000000000000004,0.0,0.0,0.0,2589.556485176241,6.605565020481722,0.0,2.0261104440129767,0.0,2.5895564851762414,1.788677343250598,0.0,0.0,0.0,1.788677343250598,0.0,0.0,0.0,0.0066055650204817,0.0,100979956.83266382,0.0,2021-01-18 14:00:00,22.0,27.0,3.521291779,0.07,0.474751742,0.3226834809653644,1.0,1.0,none,0.0,0.0,0.0,0.0,22.0,0.0,-1.8,56,9,53,3521.291779,25664.81234599157,0.0,1699.326261674529,0.0,11525.115756519006,0.0,0.18,0.8199999999999998,0.37,0.36,2.0261104440129767,0.0,2.5895564851762414,1.788677343250598,0.0,0.0,0.0,1788.677343250598,0.0,1788.677343250598,0.0,1.788677343250598,0.0,0.0,0.0,residential_2000_2014,6.605565020481722,3.5212917790000002,2.0261104440129767,25.66481234599157,11.525115756519005
2021,1,18,16,0,2154.3681728232405,-1.3,-1748.2105706204525,0.0,0.0,0.0,6444.298262655661,0.0,6293558.054233629,22.0,0.0,0.0,0.0,2369.7882738064027,6.4442982626556615,0.0,2.1543681728232404,0.0,2.3697882738064027,1.7482105706204525,0.0,0.0,0.0,1.7482105706204525,0.0,0.0,0.0,0.0064442982626556,0.0,98514655.19785656,0.0,2021-01-18 15:00:00,22.0,27.0,3.528459143,0.07,0.474751742,0.3233402825342258,1.0,1.0,none,0.0,0.0,0.0,0.0,22.0,0.0,-1.3,41,29,34,3528.459143,25125.635616033756,0.0,1663.6261301267443,0.0,11282.991475919864,0.0,0.18,0.8199999999999998,0.37,0.36,2.1543681728232404,0.0,2.3697882738064027,1.7482105706204525,0.0,0.0,0.0,1748.2105706204525,0.0,1748.2105706204525,0.0,1.7482105706204525,0.0,0.0,0.0,residential_2000_2014,6.4442982626556615,3.528459143,2.1543681728232404,25.125635616033755,11.282991475919864
2021,1,18,17,0,0.0,-1.3,-1747.906690680562,0.0,0.0,0.0,7623.235499993723,0.0,6292464.086450023,22.0,0.0,0.0,0.0,4951.365021392379,7.623235499993723,0.0,0.0,0.0,4.951365021392379,1.7479066906805618,0.0,0.0,0.0,1.747906690680562,0.0,0.0,0.0,0.0076232354999937,0.0,116537190.88794288,0.0,2021-01-18 16:00:00,22.0,27.0,3.948197848,0.07,0.474751742,0.3618042198975073,1.0,1.0,none,0.0,0.0,0.0,0.0,22.0,0.0,-1.3,17,16,15,3948.197848,25125.63561603376,0.0,1663.6261301267446,0.0,11282.991475919864,0.0,0.18,0.8199999999999998,0.37,0.36,0.0,0.0,4.951365021392379,1.7479066906805618,0.0,0.0,0.0,1747.9066906805615,0.0,1747.906690680562,0.0,1.747906690680562,0.0,0.0,0.0,residential_2000_2014,7.623235499993723,3.948197848,0.0,25.12563561603376,11.282991475919864
2021,1,18,18,0,0.0,-1.0,-1723.437929973069,0.0,0.0,1.8189894035458565e-12,7621.094114168649,0.0,6204376.547903049,22.0,0.0,0.0,0.0,4707.681052615088,7.621094114168649,1.8189894035458565e-15,0.0,0.0,4.707681052615087,1.723437929973069,0.0,0.0,0.0,1.723437929973069,0.0,0.0,0.0,0.0076210941141686,1.8189894035458564e-18,116504455.30097827,2.7807079467024646e-08,2021-01-18 17:00:00,22.0,27.0,4.383636219,0.07,0.474751742,0.4017068403330312,1.0,1.0,none,0.0,0.0,0.0,0.0,22.0,0.0,-1.0,2,0,2,4383.636219,24802.129578059077,0.0,1642.206051198074,0.0,11137.716907560382,0.0,0.18,0.8199999999999998,0.37,0.36,0.0,0.0,4.707681052615087,1.723437929973069,0.0,0.0,0.0,1723.437929973069,0.0,1723.437929973069,0.0,1.723437929973069,0.0,0.0,0.0,residential_2000_2014,7.621094114168649,4.383636219,0.0,24.802129578059077,11.137716907560382
2021,1,18,19,0,0.0,0.2,-1625.9845680228068,0.0,0.0,0.0,6780.927481705178,0.0,5853544.444882105,22.0,0.0,0.0,0.0,4657.026311277537,6.780927481705178,0.0,0.0,0.0,4.657026311277537,1.6259845680228069,0.0,0.0,0.0,1.6259845680228069,0.0,0.0,0.0,0.0067809274817051,0.0,103660740.94568177,0.0,2021-01-18 18:00:00,22.0,27.0,5.259160364,0.07,0.372817549,0.48193795905562,1.0,0.7852894808335428,none,0.0,0.0,0.0,0.0,22.0,0.0,0.2,0,0,0,5259.160364,23508.10542616034,0.0,1556.5257354833918,0.0,8290.001566547722,0.0,0.18,0.8199999999999998,0.37,0.36,0.0,0.0,4.657026311277537,1.6259845680228069,0.0,0.0,0.0,1625.9845680228068,0.0,1625.9845680228068,0.0,1.6259845680228069,0.0,0.0,0.0,residential_2000_2014,6.780927481705178,5.259160364,0.0,23.508105426160338,8.290001566547723
2021,1,18,20,0,0.0,1.1,-1553.7815917972316,0.0,0.0,0.0,6782.320660084428,0.0,5593613.730470033,22.0,0.0,0.0,0.0,4679.66877242955,6.782320660084428,0.0,0.0,0.0,4.67966877242955,1.5537815917972315,0.0,0.0,0.0,1.5537815917972315,0.0,0.0,0.0,0.0067823206600844,0.0,103682038.60790452,0.0,2021-01-18 19:00:00,22.0,27.0,4.921846335,0.07,0.372817549,0.4510272388178659,1.0,0.7852894808335428,none,0.0,0.0,0.0,0.0,22.0,0.0,1.1,0,0,0,4921.846334999999,22537.587312236286,0.0,1492.26549869738,0.0,7947.753795451714,0.0,0.18,0.8199999999999998,0.37,0.36,0.0,0.0,4.67966877242955,1.5537815917972315,0.0,0.0,0.0,1553.7815917972316,0.0,1553.7815917972316,0.0,1.5537815917972315,0.0,0.0,0.0,residential_2000_2014,6.7823206600844275,4.921846335,0.0,22.537587312236287,7.947753795451714
2021,1,18,21,0,0.0,0.6,-1593.8793673261112,0.0,0.0,0.0,7469.552334255802,0.0,5737965.722374001,22.0,0.0,0.0,0.0,4801.141277706298,7.469552334255802,0.0,0.0,0.0,4.801141277706298,1.5938793673261114,0.0,0.0,0.0,1.5938793673261111,0.0,0.0,0.0,0.0074695523342558,0.0,114187820.41107927,0.0,2021-01-18 20:00:00,22.0,27.0,4.039615744,0.07,0.372817549,0.3701815560443536,1.0,0.7852894808335428,none,0.0,0.0,0.0,0.0,22.0,0.0,0.6,0,0,0,4039.615744,23076.76404219409,0.0,1527.9656302451644,0.0,8137.8914460606065,0.0,0.18,0.8199999999999998,0.37,0.36,0.0,0.0,4.801141277706298,1.5938793673261114,0.0,0.0,0.0,1593.8793673261114,0.0,1593.8793673261112,0.0,1.5938793673261111,0.0,0.0,0.0,residential_2000_2014,7.469552334255802,4.039615744,0.0,23.07676404219409,8.137891446060607
2021,1,18,22,0,0.0,1.1,-1554.2488334824363,0.0,0.0,0.0,7817.916352695087,0.0,5595295.80053677,22.0,0.0,0.0,0.0,4822.388030158108,7.817916352695087,0.0,0.0,0.0,4.822388030158107,1.5542488334824365,0.0,0.0,0.0,1.5542488334824365,0.0,0.0,0.0,0.007817916352695,0.0,119513297.25295086,0.0,2021-01-18 21:00:00,22.0,27.0,3.604198432,0.07,0.372817549,0.3302808654095541,1.0,0.7852894808335428,none,0.0,0.0,0.0,0.0,22.0,0.0,1.1,0,0,0,3604.198432,22537.587312236283,0.0,1492.2654986973798,0.0,7947.753795451713,0.0,0.18,0.8199999999999998,0.37,0.36,0.0,0.0,4.822388030158107,1.5542488334824365,0.0,0.0,0.0,1554.2488334824363,0.0,1554.2488334824363,0.0,1.5542488334824365,0.0,0.0,0.0,residential_2000_2014,7.817916352695087,3.604198432,0.0,22.537587312236283,7.947753795451713
2021,1,18,23,0,0.0,0.5,-1602.21745291176,0.0,0.0,0.0,8534.313807405939,0.0,5767982.830482336,22.0,0.0,0.0,0.0,4768.258653257105,8.534313807405939,0.0,0.0,0.0,4.768258653257105,1.60221745291176,0.0,0.0,0.0,1.60221745291176,0.0,0.0,0.0,0.0085343138074059,0.0,130464939.36493124,0.0,2021-01-18 22:00:00,22.0,27.0,2.536446665,0.07,0.372817549,0.2324344276229288,1.0,0.7852894808335428,none,0.0,0.0,0.0,0.0,22.0,0.0,0.5,0,0,0,2536.446665,23184.59938818565,0.0,1535.105656554721,0.0,8175.918976182384,0.0,0.18,0.8199999999999998,0.37,0.36,0.0,0.0,4.768258653257105,1.60221745291176,0.0,0.0,0.0,1602.21745291176,0.0,1602.21745291176,0.0,1.60221745291176,0.0,0.0,0.0,residential_2000_2014,8.534313807405939,2.536446665,0.0,23.18459938818565,8.175918976182384
2021,1,18,24,0,0.0,0.7,-1586.5182105554536,0.0,0.0,1.8189894035458565e-12,8985.108704960789,0.0,5711465.557999633,22.0,0.0,0.0,0.0,4724.931385101076,8.985108704960789,1.8189894035458565e-15,0.0,0.0,4.724931385101075,1.5865182105554536,0.0,0.0,0.0,1.5865182105554536,0.0,0.0,0.0,0.0089851087049607,1.8189894035458564e-18,137356287.66811606,2.7807079467024646e-08,2021-01-18 23:00:00,22.0,27.0,1.901621411,0.07,0.372817549,0.1742604290957133,1.0,0.7852894808335428,none,0.0,0.0,0.0,0.0,22.0,0.0,0.7,0,0,0,1901.621411,22968.928696202533,0.0,1520.8256039356077,0.0,8099.863915938829,0.0,0.18,0.8199999999999998,0.37,0.36,0.0,0.0,4.724931385101075,1.5865182105554536,0.0,0.0,0.0,1586.5182105554536,0.0,1586.5182105554536,0.0,1.5865182105554536,0.0,0.0,0.0,residential_2000_2014,8.985108704960789,1.901621411,0.0,22.968928696202532,8.09986391593883
