cite_key,year,title,primary_bucket,has_pdf,extracted_pages,has_abstract,family,target,trust,data_source,doe_strategy,pattern,validation,workflow_context,complete_alluvial,complete_model_target_trust,complete_doe_pair
Wang2024,2024,Numerical assessment and optimization of photovoltaic-based hydrogen-oxygen Co-production energy system: A machine learning and multi-objective strategy,B21_mes_sector_coupling,yes,15,yes,GP / kriging,,Predictive-error based,,,,Point metrics; Stress test,Not explicitly identified,no,no,no
Perera2019191,2019,Machine learning methods to assist energy system optimization,B06_neural_surrogates,yes,18,yes,Neural network,,Predictive-error based,Synthetic data,Transfer learning,P5 uncertainty,Point metrics; Problem UQ,Simulation-driven workflow,yes,no,yes
Wu2022231,2022,Deep Learning to Optimize: Security-Constrained Unit Commitment with Uncertain Wind Power Generation and BESSs,B06_neural_surrogates,yes,9,yes,Neural network,Decisions / solution-related objects; Objective values; Physical states or constraints,Decision-oriented,Synthetic data,Latin hypercube sampling,P3 solution proxy,Decision-aware,Simulation-driven workflow,yes,yes,yes
Chen20244723,2024,End-to-End Feasible Optimization Proxies for Large-Scale Economic Dispatch,B06_neural_surrogates,yes,10,yes,Neural network,Decisions / solution-related objects,,Historical data; Synthetic data,,P3 solution proxy,Decision-aware,Hybrid model-coupled workflow,yes,no,no
Chen2022,2022,Learning optimization proxies for large-scale Security-Constrained Economic Dispatch,B06_neural_surrogates,yes,6,yes,Neural network,Decisions / solution-related objects,Predictive-error based,Synthetic data,,P3 solution proxy,Feasibility; Point metrics,Simulation-driven workflow,yes,yes,no
Liu20223726,2022,Explicit Data-Driven Small-Signal Stability Constrained Optimal Power Flow,B04_rbf_kernel,yes,12,yes,RBF / kernel,Physical states or constraints,,Synthetic data,Latin hypercube sampling,P1 replacement,Feasibility,Simulation-driven workflow,yes,no,yes
Xu20223066,2022,E2DNet: An Ensembling Deep Neural Network for Solving Nonconvex Economic Dispatch in Smart Grid,B06_neural_surrogates,yes,9,yes,Neural network,,Predictive-error based,Synthetic data,,P3 solution proxy,Point metrics,Simulation-driven workflow,yes,no,no
Park2019,2019,Physics-induced graph neural network: An application to wind-farm power estimation,B06_neural_surrogates,yes,14,yes,Neural network,Physical states or constraints,Physics-guided; Predictive-error based,,,,Point metrics,Not explicitly identified,no,yes,no
Han2018622,2018,Surrogate modeling-based multi-objective dynamic VAR planning considering short-term voltage stability and transient stability,B04_rbf_kernel,yes,11,yes,RBF / kernel,Objective values,,Synthetic data,Latin hypercube sampling,P5 uncertainty,,Simulation-driven workflow,no,no,yes
Su2022315,2022,Deep Belief Network Enabled Surrogate Modeling for Fast Preventive Control of Power System Transient Stability,B06_neural_surrogates,yes,12,yes,Neural network,Objective values; Physical states or constraints; Probability distributions / chance-constraint terms,,Synthetic data,Latin hypercube sampling,P1 replacement,Problem UQ,Simulation-driven workflow,yes,no,yes
Roth2019214,2019,A flexible metamodel architecture for optimal design of Hybrid Renewable Energy Systems (HRES) – Case study of a stand-alone HRES for a factory in tropical island,B22_microgrid_hub,yes,11,yes,,Objective values,,,,,,Not explicitly identified,no,no,no
Thrampoulidis2021,2021,A machine learning-based surrogate model to approximate optimal building retrofit solutions,B06_neural_surrogates,yes,18,yes,Neural network,Exogenous inputs,Predictive-error based,,,,Point metrics,Not explicitly identified,no,yes,no
Hirvonen2017323,2017,Neural network metamodelling in multi-objective optimization of a high latitude solar community,B06_neural_surrogates,yes,12,yes,Neural network,,Predictive-error based,Synthetic data,Adaptive sampling,P5 uncertainty,Point metrics,Simulation-driven workflow,yes,no,yes
Jia2022553,2022,Developing machine-learning meta-models for high-rise residential district cooling in hot and humid climate,B04_rbf_kernel,no,0,yes,RBF / kernel,,,,,,,Not explicitly identified,no,no,no
Xiao2018,2018,Application and comparison of metaheuristic and new metamodel based global optimization methods to the optimal operation of active distribution networks,B01_cornerstone_reviews,yes,29,yes,,Probability distributions / chance-constraint terms,,Synthetic data,Active learning; Latin hypercube sampling,,Problem UQ,Simulation-driven workflow,no,no,yes
Li2023,2023,A novel method of creating machine learning-based time series meta-models for building energy analysis,B05_tree_ensembles,yes,22,yes,Tree ensembles,,Predictive-error based,Synthetic data,Latin hypercube sampling,P1 replacement,Point metrics,Simulation-driven workflow,yes,no,yes
Wang2020202933,2020,Optimal Scheduling for Integrated Energy System Considering Scheduling Elasticity of Electric and Thermal Loads,B03_pce_response_surface,yes,11,yes,PCE / RSM,Objective values,,Historical data,Latin hypercube sampling,P1 replacement,Decision-aware,Historical-data-driven workflow,yes,no,yes
Hasanien2018168,2018,Performance improvement of photovoltaic power systems using an optimal control strategy based on whale optimization algorithm,B03_pce_response_surface,yes,9,yes,PCE / RSM,Objective values,,,Factorial / response-surface design,P2 acceleration,,Not explicitly identified,no,no,no
Sami20181416,2018,Thermal properties optimization of microencapsulated a renewable and non-toxic phase change material with a polystyrene shell for thermal energy storage systems,B03_pce_response_surface,yes,8,yes,PCE / RSM,,Predictive-error based,,Factorial / response-surface design,P1 replacement,Point metrics,Not explicitly identified,yes,no,no
Ahmad202451,2024,"Parametric analysis of wastewater electrolysis for green hydrogen production: A combined RSM, genetic algorithm, and particle swarm optimization approach",B03_pce_response_surface,yes,11,yes,PCE / RSM,,Predictive-error based,,Factorial / response-surface design,P1 replacement,Point metrics,Not explicitly identified,yes,no,no
Xu20212696,2021,An Iterative Response-Surface-Based Approach for Chance-Constrained AC Optimal Power Flow Considering Dependent Uncertainty,B03_pce_response_surface,yes,10,yes,PCE / RSM,Objective values; Probability distributions / chance-constraint terms,,Synthetic data,Quasi-Monte Carlo / sparse-grid collocation,P5 uncertainty,Interval calibration,Simulation-driven workflow,yes,no,yes
Zulfiqar20211026,2021,Lipase-PDA-TiO2 NPs: An emphatic nano-biocatalyst for optimized biodiesel production from Jatropha curcas oil,B03_pce_response_surface,no,0,yes,PCE / RSM,,,,Factorial / response-surface design,,,Not explicitly identified,no,no,no
Hu2020,2020,Uncertainty quantification in stochastic economic dispatch using Gaussian process emulation,B02_gp_kriging,yes,5,yes,GP / kriging,Probability distributions / chance-constraint terms,,Synthetic data,Latin hypercube sampling,P5 uncertainty,Problem UQ,Simulation-driven workflow,yes,no,yes
Volodina2022,2022,Propagating uncertainty in a network of energy models,B02_gp_kriging,yes,6,yes,GP / kriging,,,,,P5 uncertainty,Problem UQ,Not explicitly identified,no,no,no
Lawson201647,2016,Bayesian framework for power network planning under uncertainty,B15_uncertainty,yes,10,yes,GP / kriging,,,,Latin hypercube sampling,P5 uncertainty,,Not explicitly identified,no,no,no
Guo20222057,2022,Training Deep Neural Network for Optimal Power Allocation in Islanded Microgrid Systems: A Distributed Learning-Based Approach,B06_neural_surrogates,yes,11,yes,Neural network,Decisions / solution-related objects,Decision-oriented; Predictive-error based,,,P3 solution proxy,Point metrics,Not explicitly identified,no,yes,no
Li202359995,2023,Learning to Solve Optimization Problems With Hard Linear Constraints,B06_neural_surrogates,yes,8,yes,Neural network,Decisions / solution-related objects; Objective values; Physical states or constraints,Decision-oriented; Predictive-error based,,Transfer learning,P3 solution proxy,Decision-aware; Point metrics,Not explicitly identified,yes,yes,no
Deng2020831,2020,Kriging Assisted Surrogate Evolutionary Computation to Solve Optimal Power Flow Problems,B02_gp_kriging,yes,8,yes,GP / kriging,Physical states or constraints,Predictive-error based,,Active learning,P2 acceleration,Point metrics,Not explicitly identified,yes,yes,no
Nikolaidis2021,2021,Gaussian process-based Bayesian optimization for data-driven unit commitment,B02_gp_kriging,yes,12,yes,GP / kriging,,Posterior uncertainty,Historical data,Active learning,P2 acceleration,Decision-aware,Historical-data-driven workflow,yes,no,yes
Li2021,2021,Optimization for liquid cooling cylindrical battery thermal management system based on gaussian process model,B02_gp_kriging,no,0,yes,GP / kriging,,,,,,,Not explicitly identified,no,no,no
Muhlpfordt20194806,2019,Chance-Constrained AC Optimal Power Flow: A Polynomial Chaos Approach,B03_pce_response_surface,yes,11,yes,PCE / RSM,Physical states or constraints; Probability distributions / chance-constraint terms,,Historical data,,P5 uncertainty,Feasibility,Historical-data-driven workflow,yes,no,no
Safta20172535,2017,Efficient Uncertainty Quantification in Stochastic Economic Dispatch,B03_pce_response_surface,yes,11,yes,PCE / RSM,Probability distributions / chance-constraint terms,Predictive-error based,Historical data,Quasi-Monte Carlo / sparse-grid collocation,P5 uncertainty,Point metrics; Problem UQ,Historical-data-driven workflow,yes,yes,yes
Koirala20242284,2024,Chance-Constrained Optimization Based PV Hosting Capacity Calculation Using General Polynomial Chaos,B03_pce_response_surface,yes,10,yes,PCE / RSM,Exogenous inputs; Physical states or constraints; Probability distributions / chance-constraint terms,,Historical data,Quasi-Monte Carlo / sparse-grid collocation,P5 uncertainty,,Historical-data-driven workflow,no,no,yes
Liang20246508,2024,Joint Chance-Constrained Unit Commitment: Statistically Feasible Robust Optimization With Learning-to-Optimize Acceleration,B07_constraint_aware,yes,14,yes,Tree ensembles,Decisions / solution-related objects; Objective values; Probability distributions / chance-constraint terms,Decision-oriented,Historical data,,P3 solution proxy,Decision-aware; Feasibility,Historical-data-driven workflow,yes,yes,no
Lu20232989,2023,Distributed Online Dispatch for Microgrids Using Hierarchical Reinforcement Learning Embedded with Operation Knowledge,B04_rbf_kernel,yes,13,yes,RBF / kernel,,,Historical data,,,,Historical-data-driven workflow,no,no,no
Wang20211767,2021,Stochastic Optimization for Residential Demand Response with Unit Commitment and Time of Use,B04_rbf_kernel,yes,10,yes,RBF / kernel,Objective values,,,,,,Not explicitly identified,no,no,no
Pang2023,2023,A Surrogate-Assisted Adaptive Bat Algorithm for Large-Scale Economic Dispatch,B06_neural_surrogates,yes,20,yes,Neural network,Objective values,,,,P1 replacement; P2 acceleration,,Not explicitly identified,no,no,no
Chen2023657,2023,Deep-Quantile-Regression-Based Surrogate Model for Joint Chance-Constrained Optimal Power Flow with Renewable Generation,B07_constraint_aware,yes,16,yes,GP / kriging; Tree ensembles,Physical states or constraints; Probability distributions / chance-constraint terms,Predictive-error based,Historical data,,P5 uncertainty,Feasibility; Point metrics,Historical-data-driven workflow,yes,yes,no
Srithapon202134395,2021,Surrogate-Assisted Multi-Objective Probabilistic Optimal Power Flow for Distribution Network with Photovoltaic Generation and Electric Vehicles,B06_neural_surrogates,yes,20,yes,PCE / RSM,Objective values; Physical states or constraints; Probability distributions / chance-constraint terms,Predictive-error based,Historical data,Latin hypercube sampling,P2 acceleration,Point metrics; Problem UQ,Historical-data-driven workflow,yes,yes,yes
Urgun20202791,2020,Importance Sampling Using Multilabel Radial Basis Classification for Composite Power System Reliability Evaluation,B04_rbf_kernel,yes,8,yes,RBF / kernel,Physical states or constraints,Predictive-error based,Synthetic data,Latin hypercube sampling,P5 uncertainty,Point metrics,Simulation-driven workflow,yes,yes,yes
Rodgers2018951,2018,Generation expansion planning considering health and societal damages – A simulation-based optimization approach,B19_capacity_expansion,yes,13,yes,GP / kriging,Objective values,Posterior uncertainty,Synthetic data,Active learning,P2 acceleration,,Simulation-driven workflow,no,yes,yes
Jahangiri20244849,2024,A machine learning approach to analysis of Canadian provincial power system decarbonization,B19_capacity_expansion,yes,13,yes,Neural network,Objective values,Predictive-error based,Historical data,,,Point metrics,Historical-data-driven workflow,no,yes,no
Jahangiri2023,2023,A Deep Learning Approach for Exploring the Design Space for the Decarbonization of the Canadian Electricity System,B06_neural_surrogates,yes,19,yes,Neural network,Objective values,Predictive-error based,,,,Point metrics,Not explicitly identified,no,yes,no
Amaral20251156,2025,Adaptive metamodeling-based simulation optimisation,B19_capacity_expansion,no,0,yes,,,,,Factorial / response-surface design,P2 acceleration,,Not explicitly identified,no,no,no
Fu20202904,2020,Statistical Machine Learning Model for Stochastic Optimal Planning of Distribution Networks Considering a Dynamic Correlation and Dimension Reduction,B03_pce_response_surface,yes,14,yes,PCE / RSM,Physical states or constraints; Probability distributions / chance-constraint terms,,,Latin hypercube sampling,P5 uncertainty,Problem UQ,Not explicitly identified,yes,no,no
Fu2022,2022,Statistical machine learning model for capacitor planning considering uncertainties in photovoltaic power,B03_pce_response_surface,yes,13,yes,,Physical states or constraints; Probability distributions / chance-constraint terms,,Synthetic data,Latin hypercube sampling,,,Simulation-driven workflow,no,no,yes
Koschwitz2018134,2018,Data-driven heating and cooling load predictions for non-residential buildings based on support vector machine regression and NARX Recurrent Neural Network: A comparative study on district scale,B01_cornerstone_reviews,yes,9,yes,Neural network; RBF / kernel,Exogenous inputs,Predictive-error based,Historical data,,,Point metrics,Historical-data-driven workflow,no,yes,no
Zhou2024,2024,Machine learning-based digital district heating/cooling with renewable integrations and advanced low-carbon transition,B20_district_heating,yes,21,yes,GP / kriging,,Predictive-error based,,,,Point metrics,Not explicitly identified,no,no,no
Schulte2016104,2016,Optimization of Medium-Deep Borehole Thermal Energy Storage Systems,B03_pce_response_surface,no,0,yes,,Probability distributions / chance-constraint terms,,,,,,Not explicitly identified,no,no,no
Reynolds2017704,2017,A smart heating set point scheduler using an artificial neural network and genetic algorithm,B06_neural_surrogates,no,0,yes,Neural network,Physical states or constraints,,,,,,Not explicitly identified,no,no,no
Gao2025,2025,"Multi-objective optimization and posteriori multi-criteria decision making on an integrative solid oxide fuel cell cooling, heating and power system with semi-empirical model-driven co-simulation",B21_mes_sector_coupling,yes,20,yes,Neural network,Objective values,Predictive-error based,,,P5 uncertainty,Point metrics,Not explicitly identified,no,yes,no
Petrova2025,2025,Thermal interference in aquifer thermal energy storage: Insights from stochastic surrogate modelling of well placement,B05_tree_ensembles,yes,12,yes,Tree ensembles,,Predictive-error based,Historical data,Quasi-Monte Carlo / sparse-grid collocation,P5 uncertainty,Point metrics; Problem UQ,Historical-data-driven workflow,yes,no,yes
Zhou20181,2018,A robust optimization approach for integrated community energy system in energy and ancillary service markets,B02_gp_kriging,yes,13,yes,GP / kriging,,,Historical data,,,,Historical-data-driven workflow,no,no,no
Wang2021,2021,Short-Term Time Wind Speed Forecasting Based on Spatio-Temporal Geostatistical Approach and Kriging Method,B02_gp_kriging,no,0,yes,GP / kriging,Exogenous inputs,,,,,,Not explicitly identified,no,no,no
Zheng20231907,2023,Distributed Dispatch of Integrated Electricity-Heat Systems With Variable Mass Flow,B21_mes_sector_coupling,yes,11,yes,,Objective values,,Historical data,,P4 decomposition,Feasibility,Historical-data-driven workflow,no,no,no
Ren2024,2024,Data-driven surrogate optimization for deploying heterogeneous multi-energy storage to improve demand response performance at building cluster level,B21_mes_sector_coupling,yes,16,yes,,,Predictive-error based,Historical data,Latin hypercube sampling,,Point metrics,Historical-data-driven workflow,no,no,yes
Jalving2023,2023,Beyond price taker: Conceptual design and optimization of integrated energy systems using machine learning market surrogates,B06_neural_surrogates,yes,17,yes,Neural network,,Predictive-error based,Historical data,Adaptive sampling; Factorial / response-surface design,P1 replacement,Point metrics,Hybrid model-coupled workflow,yes,no,yes
Dong2023,2023,Chance-constrained optimal dispatch of integrated energy systems based on data-driven sparse polynomial chaos expansion,B03_pce_response_surface,yes,13,yes,PCE / RSM,Physical states or constraints; Probability distributions / chance-constraint terms,,Historical data,,P5 uncertainty,Feasibility,Hybrid model-coupled workflow,yes,no,no
Yin2024,2024,Energy management and capacity allocation method of hybrid energy storage system based on port transportation-energy coupling characteristics,B21_mes_sector_coupling,yes,13,yes,PCE / RSM,,,Historical data,,,,Hybrid model-coupled workflow,no,no,no
Eseye201991463,2019,Machine learning based integrated feature selection approach for improved electricity demand forecasting in decentralized energy systems,B02_gp_kriging,yes,11,yes,GP / kriging,Exogenous inputs,Predictive-error based,,,,Point metrics,Not explicitly identified,no,yes,no
Faraji2020157284,2020,Optimal day-ahead self-scheduling and operation of prosumer microgrids using hybrid machine learning-based weather and load forecasting,B04_rbf_kernel,yes,22,yes,Neural network; RBF / kernel,Exogenous inputs; Objective values,Predictive-error based,Historical data,,,Point metrics,Historical-data-driven workflow,no,yes,no
Wang2017,2017,Design of a fractional order frequency PID controller for an islanded microgrid: A multi-objective extremal optimization method,B02_gp_kriging,yes,18,yes,GP / kriging,,,,,,,Not explicitly identified,no,no,no
Nematollahi2021,2021,Sizing and sitting of DERs in active distribution networks incorporating load prevailing uncertainties using probabilistic approaches,B02_gp_kriging,yes,18,yes,GP / kriging,Exogenous inputs; Probability distributions / chance-constraint terms,,Historical data,,P5 uncertainty,Problem UQ,Historical-data-driven workflow,yes,no,no
Wang20192635,2019,Neural networks for power management optimal strategy in hybrid microgrid,B04_rbf_kernel,yes,11,yes,RBF / kernel,Objective values,Predictive-error based,Historical data,,,Point metrics,Historical-data-driven workflow,no,yes,no
Hussien20211883,2021,Sunflower optimization algorithm-based optimal PI control for enhancing the performance of an autonomous operation of a microgrid,B03_pce_response_surface,yes,9,yes,PCE / RSM,Objective values,,Synthetic data,Factorial / response-surface design,,,Simulation-driven workflow,no,no,yes
Rigo-Mariani20171762,2017,Integrated optimal design of a smart microgrid with storage,B02_gp_kriging,yes,9,yes,GP / kriging,,,Historical data,Latin hypercube sampling,P2 acceleration,,Historical-data-driven workflow,no,no,yes
Cao2023,2023,Digital technologies for net-zero energy transition: a preliminary study,B01_cornerstone_reviews,yes,14,yes,,,,Historical data,,,,Historical-data-driven workflow,no,no,no
Schulte2020,2020,Multi-objective optimization under uncertainty of geothermal reservoirs using experimental design-based proxy models,B02_gp_kriging,yes,11,yes,GP / kriging,,Predictive-error based,Synthetic data,Factorial / response-surface design,P2 acceleration,Point metrics; Problem UQ,Simulation-driven workflow,yes,no,yes
Giorgetti2020,2020,Surrogate-Assisted Modeling and Robust Optimization of a Micro Gas Turbine Plant with Carbon Capture,B02_gp_kriging,no,0,yes,GP / kriging,,,,,P2 acceleration; P5 uncertainty,,Not explicitly identified,no,no,no
Yang2024,2024,A Day-Ahead Economic Dispatch Method for Renewable Energy Systems Considering Flexibility Supply and Demand Balancing Capabilities,B03_pce_response_surface,no,0,yes,,Objective values; Probability distributions / chance-constraint terms,,,,,,Not explicitly identified,no,no,no
Dong2022,2022,Optimization strategy based on robust model predictive control for RES-CCHP system under multiple uncertainties,B02_gp_kriging,yes,13,yes,GP / kriging,Probability distributions / chance-constraint terms,,Historical data,,P5 uncertainty,Interval calibration,Historical-data-driven workflow,yes,no,no
Liu20222679,2022,Kernel Structure Design for Data-Driven Probabilistic Load Flow Studies,B02_gp_kriging,yes,11,yes,GP / kriging,Physical states or constraints; Probability distributions / chance-constraint terms,Predictive-error based,,,,Point metrics; Problem UQ,Not explicitly identified,no,yes,no
Rafi202132436,2021,A short-term load forecasting method using integrated CNN and LSTM network,B04_rbf_kernel,yes,10,yes,Neural network; RBF / kernel,Exogenous inputs,Predictive-error based,,,,Point metrics,Not explicitly identified,no,yes,no
Sideratos2020,2020,A novel fuzzy-based ensemble model for load forecasting using hybrid deep neural networks,B04_rbf_kernel,yes,7,yes,Neural network; RBF / kernel,Exogenous inputs,Predictive-error based,,,,Point metrics,Not explicitly identified,no,yes,no
Li2019,2019,Recurrent neural networks based photovoltaic power forecasting approach,B04_rbf_kernel,yes,15,yes,RBF / kernel,Exogenous inputs,Predictive-error based,Historical data,,,Point metrics,Historical-data-driven workflow,no,yes,no
Hanifi2024,2024,Advanced hyperparameter optimization of deep learning models for wind power prediction,B02_gp_kriging,yes,10,yes,Neural network,Exogenous inputs,Posterior uncertainty; Predictive-error based,Historical data,Active learning,P2 acceleration,Point metrics,Historical-data-driven workflow,yes,yes,yes
Madhukumar20228891,2022,Regression Model-Based Short-Term Load Forecasting for University Campus Load,B02_gp_kriging,yes,15,yes,GP / kriging,Exogenous inputs,Posterior uncertainty; Predictive-error based,Historical data,,,Point metrics,Historical-data-driven workflow,no,yes,no
Wang2023,2023,Improved singular filtering-Gaussian process regression-long short-term memory model for whole-life-cycle remaining capacity estimation of lithium-ion batteries adaptive to fast aging and multi-current variations,B02_gp_kriging,yes,14,yes,GP / kriging,,Predictive-error based,,Transfer learning,P5 uncertainty,Point metrics; Stress test,Not explicitly identified,yes,no,no
Tian2020,2020,Short-term wind speed prediction based on LMD and improved FA optimized combined kernel function LSSVM,B04_rbf_kernel,yes,24,yes,RBF / kernel,Exogenous inputs,Predictive-error based,Historical data,,,Point metrics,Historical-data-driven workflow,no,yes,no
Yang2020415,2020,A novel competitive swarm optimized RBF neural network model for short-term solar power generation forecasting,B04_rbf_kernel,yes,7,yes,RBF / kernel,Exogenous inputs,Predictive-error based,Historical data,,,Point metrics,Historical-data-driven workflow,no,yes,no
Shi2024,2024,Short-term Load Forecasting Considering EV Charging Loads with Prediction Interval Evaluation,B02_gp_kriging,yes,5,yes,GP / kriging,Exogenous inputs; Probability distributions / chance-constraint terms,Predictive-error based,Historical data,,,Interval calibration; Point metrics,Historical-data-driven workflow,no,yes,no
malla_sg_optimization_2024,2024,Optimization of Multi-Energy Systems for Efficient Power-to-X Conversion,B21_mes_sector_coupling,yes,9,yes,,,,,,,,Not explicitly identified,no,no,no
Lin2023,2023,Data-driven method of solving computationally expensive combined economic/emission dispatch problems in large-scale power systems: an improved kriging-assisted optimization approach,B02_gp_kriging,yes,15,yes,GP / kriging,,Predictive-error based,,Adaptive sampling,P2 acceleration,Point metrics,Not explicitly identified,yes,no,no
Wu2021,2021,Optimal bidding and scheduling of AA-CAES based energy hub considering cascaded consumption of heat,B04_rbf_kernel,yes,14,yes,RBF / kernel,Physical states or constraints,,,Active learning,P2 acceleration,,Not explicitly identified,no,no,no
Hu2021671,2021,A Bayesian Approach for Estimating Uncertainty in Stochastic Economic Dispatch Considering Wind Power Penetration,B02_gp_kriging,yes,11,yes,GP / kriging,Exogenous inputs,Predictive-error based,Historical data,Latin hypercube sampling,,Point metrics; Problem UQ,Historical-data-driven workflow,no,yes,yes
Sun2020,2020,Optimal carbon storage reservoir management through deep reinforcement learning,B06_neural_surrogates,yes,13,yes,,,Predictive-error based,Synthetic data,Latin hypercube sampling,P5 uncertainty,Point metrics; Problem UQ,Simulation-driven workflow,no,no,yes
Torun20192128,2019,High-Dimensional Global Optimization Method for High-Frequency Electronic Design,B02_gp_kriging,yes,15,yes,GP / kriging,,,Synthetic data,Active learning,P2 acceleration,Decision-aware,Simulation-driven workflow,yes,no,yes
Meng20191219,2019,Structural reliability analysis and uncertainties-based collaborative design and optimization of turbine blades using surrogate model,B03_pce_response_surface,no,0,yes,,,,,,,,Not explicitly identified,no,no,no
Zhang2019270,2019,Wind speed prediction method using Shared Weight Long Short-Term Memory Network and Gaussian Process Regression,B02_gp_kriging,yes,13,yes,GP / kriging,Probability distributions / chance-constraint terms,Predictive-error based,Historical data,Transfer learning,P5 uncertainty,Interval calibration; Point metrics,Historical-data-driven workflow,yes,yes,yes
Babaeiyazdi2021,2021,State of charge prediction of EV Li-ion batteries using EIS: A machine learning approach,B02_gp_kriging,yes,7,yes,GP / kriging,,Posterior uncertainty; Predictive-error based,Historical data,,,Point metrics,Historical-data-driven workflow,no,no,no
Kong2021,2021,Voltage-temperature health feature extraction to improve prognostics and health management of lithium-ion batteries,B02_gp_kriging,yes,11,yes,GP / kriging,,Predictive-error based,Historical data,,,Point metrics,Historical-data-driven workflow,no,no,no
Karamichailidou20212137,2021,Wind turbine power curve modeling using radial basis function neural networks and tabu search,B04_rbf_kernel,yes,16,yes,RBF / kernel,,Predictive-error based,Historical data,,,Point metrics,Historical-data-driven workflow,no,no,no
Zeng2017175,2017,A switching delayed PSO optimized extreme learning machine for short-term load forecasting,B04_rbf_kernel,yes,7,yes,RBF / kernel,Exogenous inputs,Predictive-error based,,,,Point metrics,Not explicitly identified,no,yes,no
Li2020,2020,Short-term wind power forecasting based on support vector machine with improved dragonfly algorithm,B04_rbf_kernel,yes,12,yes,RBF / kernel,Exogenous inputs; Objective values,Predictive-error based,Historical data,,,Point metrics; Problem UQ,Historical-data-driven workflow,no,yes,no
Alkesaiberi2022,2022,Efficient Wind Power Prediction Using Machine Learning Methods: A Comparative Study,B01_cornerstone_reviews,yes,24,yes,GP / kriging,Exogenous inputs,Predictive-error based,Historical data,Active learning,P2 acceleration,Point metrics,Historical-data-driven workflow,yes,yes,yes
Zhang2022,2022,Model-based fully coupled propulsion-aerodynamics optimization for hybrid electric aircraft energy management strategy,B06_neural_surrogates,yes,15,yes,Neural network,,Predictive-error based,,,,Point metrics,Not explicitly identified,no,no,no
Alquthami202248419,2022,A Performance Comparison of Machine Learning Algorithms for Load Forecasting in Smart Grid,B01_cornerstone_reviews,yes,12,yes,Tree ensembles,Exogenous inputs; Objective values,Predictive-error based,,,,Point metrics,Not explicitly identified,no,yes,no
Gbémou2021,2021,A comparative study of machine learning-based methods for global horizontal irradiance forecasting,B01_cornerstone_reviews,yes,20,yes,GP / kriging,,Predictive-error based,,,,Interval calibration; Point metrics,Not explicitly identified,no,no,no
Sánchez-Zabala2024,2024,Building energy performance metamodels for district energy management optimisation platforms,B04_rbf_kernel,yes,20,yes,Tree ensembles,,Predictive-error based,Historical data; Synthetic data,,P1 replacement,Point metrics,Hybrid model-coupled workflow,yes,no,no
Bianchi2020244,2020,Convolutional Neural Network and Stochastic Variational Gaussian Process for Heating Load Forecasting,B02_gp_kriging,no,0,yes,GP / kriging,Exogenous inputs,Predictive-error based,,,,Point metrics,Not explicitly identified,no,yes,no
Du2025,2025,Development of a robust data-driven surrogate model to improve energy flexibility of an integrated district heating system with a thermal storage system,B15_uncertainty,yes,14,yes,Neural network,,Predictive-error based,Historical data,,,Point metrics,Historical-data-driven workflow,no,no,no
Reich2020,2020,Predictive control of district heating system using multi-stage nonlinear approximation with selective memory,B02_gp_kriging,yes,23,yes,GP / kriging,Objective values; Physical states or constraints,Predictive-error based,Historical data,,P1 replacement,Decision-aware; Point metrics,Hybrid model-coupled workflow,yes,yes,no
Chaudhry2024,2024,Improving the potential of fifth-generation district heating and cooling networks through robust design and operational optimization under future energy market and demand uncertainties,B03_pce_response_surface,yes,19,yes,PCE / RSM,Probability distributions / chance-constraint terms,Predictive-error based,,,,Problem UQ,Not explicitly identified,no,yes,no
Lu201991827,2019,Stochastic Optimization of Economic Dispatch with Wind and Photovoltaic Energy Using the Nested Sparse Grid-Based Stochastic Collocation Method,B03_pce_response_surface,yes,9,yes,PCE / RSM,Probability distributions / chance-constraint terms,,,Quasi-Monte Carlo / sparse-grid collocation,P5 uncertainty,,Not explicitly identified,no,no,no
Engelmann20186188,2018,Distributed Stochastic AC Optimal Power Flow based on Polynomial Chaos Expansion,B03_pce_response_surface,yes,5,yes,PCE / RSM,Physical states or constraints; Probability distributions / chance-constraint terms,Predictive-error based,,,P5 uncertainty,Feasibility; Point metrics,Not explicitly identified,no,yes,no
Muhlpfordt20174490,2017,Solving optimal power flow with non-Gaussian uncertainties via polynomial chaos expansion,B03_pce_response_surface,yes,6,yes,PCE / RSM,Physical states or constraints; Probability distributions / chance-constraint terms,,,,P5 uncertainty,Problem UQ,Not explicitly identified,no,no,no
El Mestari2025,2025,Tuning Parameters of Genetic Algorithms for Wind Farm Optimization Using the Design of Experiments Method,B03_pce_response_surface,yes,20,yes,,Objective values,Predictive-error based,,Factorial / response-surface design,,Point metrics,Not explicitly identified,no,no,no
Deodhar2018,2018,Experimentally Infused Plant and Controller Optimization Using Iterative Design of Experiments - Theoretical Framework and Airborne Wind Energy Case Study,B03_pce_response_surface,yes,8,yes,PCE / RSM,,,,Factorial / response-surface design,,,Not explicitly identified,no,no,no
Granacher20221573,2022,Active learning for multi-objective optimization of processes and energy systems,B02_gp_kriging,no,0,yes,GP / kriging,,,,Active learning,P2 acceleration,,Not explicitly identified,no,no,no
Matta2026,2026,Designing a near-optimal isolated microgrid using active learning,B02_gp_kriging,yes,10,yes,GP / kriging,,,,Active learning,P2 acceleration,Feasibility,Not explicitly identified,yes,no,no
Amoedo2023929,2023,A genetic algorithm-active learning approach in energy systems optimization,B05_tree_ensembles,no,0,yes,Tree ensembles,,Predictive-error based,,Active learning,P2 acceleration,Point metrics,Not explicitly identified,yes,no,no
Zhang2025__6,2025,MLMC-based Resource Adequacy Assessment with Active Learning Trained Surrogate Models,B02_gp_kriging,yes,5,yes,Tree ensembles,,,Synthetic data,Active learning,P5 uncertainty,Problem UQ,Simulation-driven workflow,yes,no,yes
Wu2024391,2024,Synergistic Integration of Machine Learning and Mathematical Optimization for Unit Commitment,B05_tree_ensembles,yes,11,yes,Neural network,,,Historical data,,,Feasibility,Historical-data-driven workflow,no,no,no
Taghizadeh2024,2024,Multi-fidelity graph neural networks for efficient power flow analysis under high-dimensional demand and renewable generation uncertainty,B06_neural_surrogates,yes,9,yes,Neural network,Physical states or constraints,Predictive-error based,Synthetic data,Multi-fidelity training; Transfer learning,P1 replacement,Point metrics; Problem UQ,Simulation-driven workflow,yes,yes,yes
Khayambashi202453,2024,HYBRID CHANCE-CONSTRAINED OPTIMAL POWER FLOW UNDER LOAD AND RENEWABLE GENERATION UNCERTAINTY USING ENHANCED MULTI-FIDELITY GRAPH NEURAL NETWORKS,B06_neural_surrogates,no,0,yes,,Probability distributions / chance-constraint terms,,,Multi-fidelity training,P5 uncertainty,,Not explicitly identified,no,no,no
Chen2025244,2025,Multi-fidelity machine learning with knowledge transfer enhances geothermal energy system design and optimization,B11_multi_fidelity,yes,16,yes,RBF / kernel,Objective values,Posterior uncertainty,Historical data,Active learning; Multi-fidelity training,P2 acceleration,,Historical-data-driven workflow,no,yes,yes
Morakinyo201973,2019,Estimates of the impact of extreme heat events on cooling energy demand in Hong Kong,B02_gp_kriging,no,0,yes,GP / kriging,,,,Multi-fidelity training,,,Not explicitly identified,no,no,no
Valladares2022,2022,Gaussian process-based prognostics of lithium-ion batteries and design optimization of cathode active materials,B02_gp_kriging,yes,14,yes,GP / kriging,,Predictive-error based,,Active learning; Multi-fidelity training,P2 acceleration,Point metrics,Not explicitly identified,yes,no,no
Chen202514792,2025,A Scalable Recurrent Structure with Fast Transfer Learning for Lithium-Ion Battery State of Charge Estimation at Different Ambient Temperatures,B02_gp_kriging,yes,12,yes,GP / kriging,,Predictive-error based,Historical data,Transfer learning,P5 uncertainty,Point metrics; Problem UQ,Historical-data-driven workflow,yes,no,yes
De Castro20247710,2024,Multi-Fidelity Reinforcement Learning for Minimum Energy Trajectory Planning,B02_gp_kriging,yes,8,yes,GP / kriging,,Predictive-error based,Synthetic data,Multi-fidelity training,P1 replacement,Point metrics,Simulation-driven workflow,yes,no,yes
Hu2024,2024,Probabilistic net load forecasting based on transformer network and Gaussian process-enabled residual modeling learning method,B02_gp_kriging,yes,13,yes,GP / kriging,Exogenous inputs,Predictive-error based,Historical data,,P5 uncertainty,Interval calibration; Point metrics; Problem UQ,Historical-data-driven workflow,yes,yes,no
Bayani20231024,2023,Quantifying the Risk of Wildfire Ignition by Power Lines Under Extreme Weather Conditions,B15_uncertainty,yes,11,yes,RBF / kernel,,,Historical data,,,,Historical-data-driven workflow,no,no,no
Subedi2026157,2026,Dynamic Validation of CNN-Based Surrogate Models for Inverter-Based Resources in Open-Source Solvers,B06_neural_surrogates,yes,10,yes,Neural network,,Predictive-error based,Historical data,Transfer learning,P1 replacement,Point metrics,Historical-data-driven workflow,yes,no,yes
Khalid20241959,2024,A novel computational paradigm for scheduling of hybrid energy networks considering renewable uncertainty limitations,B04_rbf_kernel,yes,17,yes,RBF / kernel,,,,,,,Not explicitly identified,no,no,no
Liu20242534,2024,More Efficient Energy Management for Hybrid AC/DC Microgrids with Hard Constrained Neural Network-Based Conversion Loss Surrogate Models,B06_neural_surrogates,yes,19,yes,Neural network,Physical states or constraints,Predictive-error based,,,P4 decomposition,Point metrics,Not explicitly identified,no,yes,no
Chakrabarty2021,2021,Scalable Bayesian optimization for model calibration: Case study on coupled building and HVAC dynamics,B02_gp_kriging,yes,13,yes,GP / kriging,,Posterior uncertainty,Historical data,Active learning,P2 acceleration,Decision-aware,Historical-data-driven workflow,yes,no,yes
Aghaei Pour2022303,2022,Surrogate assisted interactive multiobjective optimization in energy system design of buildings,B12_bayes_accel,yes,23,yes,GP / kriging,Objective values,,Synthetic data,Latin hypercube sampling,P2 acceleration,Decision-aware,Simulation-driven workflow,yes,no,yes
Palm2022,2022,Gaussian Process Regression Based Multi-Objective Bayesian Optimization for Power System Design,B02_gp_kriging,yes,21,yes,GP / kriging,,,Synthetic data,Active learning; Factorial / response-surface design; Latin hypercube sampling,P2 acceleration,Problem UQ,Simulation-driven workflow,yes,no,yes
Kaewdornhan2022130373,2022,Electric Distribution Network with Multi-Microgrids Management Using Surrogate-Assisted Deep Reinforcement Learning Optimization,B06_neural_surrogates,yes,24,yes,Neural network,Physical states or constraints; Probability distributions / chance-constraint terms,,,Latin hypercube sampling,P5 uncertainty,Feasibility,Not explicitly identified,yes,no,no
Ma2022737,2022,Two-Level Surrogate-Assisted Transient Parameters Design Optimization of a Wound-Field Synchronous Machine,B12_bayes_accel,no,0,yes,,,,Synthetic data,Latin hypercube sampling,,,Simulation-driven workflow,no,no,yes
Baheri2017131,2017,Real-time control using Bayesian optimization: A case study in airborne wind energy systems,B02_gp_kriging,yes,9,yes,GP / kriging,Objective values; Probability distributions / chance-constraint terms,Posterior uncertainty,Historical data,Active learning,P2 acceleration,Decision-aware,Historical-data-driven workflow,yes,yes,yes
Baheri20171365,2017,Altitude optimization of Airborne Wind Energy systems: A Bayesian Optimization approach,B02_gp_kriging,yes,5,yes,GP / kriging,Objective values; Probability distributions / chance-constraint terms,Posterior uncertainty,Historical data,Active learning,P2 acceleration,Problem UQ,Historical-data-driven workflow,yes,yes,yes
Ceylan2020944,2020,Assessment of agricultural energy consumption of Turkey by MLR and Bayesian optimized SVR and GPR models,B02_gp_kriging,no,0,yes,GP / kriging,,Predictive-error based,Historical data,Active learning,P2 acceleration,Point metrics,Historical-data-driven workflow,yes,no,yes
Zang2023813,2023,Multiobjective Optimization and Multiphysics Design of a 5 MW High-Speed IPMSM Used in FESS Based on NSGA-II,B03_pce_response_surface,yes,11,yes,,,Predictive-error based,Synthetic data,Factorial / response-surface design,,Point metrics,Simulation-driven workflow,no,no,yes
Reis2025,2025,Symmetry-Guided Surrogate-Assisted NSGA-II for Multi-Objective Optimization of Renewable Energy Systems,B12_bayes_accel,yes,16,yes,GP / kriging,Objective values,Predictive-error based,,Adaptive sampling,P2 acceleration,Decision-aware; Point metrics,Not explicitly identified,yes,yes,no
Katkar2025,2025,Ensemble Surrogate Archive-Assisted Artificial Bee Colony-NSGA-II Metaheuristics for Multi-Modal Optimal Power Flow Framework,B02_gp_kriging,yes,6,yes,GP / kriging,Physical states or constraints,,,Active learning,P2 acceleration,,Not explicitly identified,no,no,no
Guan2025,2025,Optimization of energy management strategy for a novel electric-hydraulic vehicle based on NSGA-III genetic algorithm,B04_rbf_kernel,no,0,yes,RBF / kernel,,,,,,,Not explicitly identified,no,no,no
Li2023__2,2023,Learning to Optimize Distributed Optimization: ADMM-based DC-OPF Case Study,B05_tree_ensembles,yes,5,yes,Neural network,Decisions / solution-related objects; Physical states or constraints,Decision-oriented,,,P3 solution proxy,,Not explicitly identified,no,yes,no
Li2023__3,2023,Physics-model-free heat-electricity energy management of multiple microgrids based on surrogate model-enabled multi-agent deep reinforcement learning,B05_tree_ensembles,yes,14,yes,GP / kriging,Exogenous inputs; Physical states or constraints,,Historical data,,P4 decomposition,Problem UQ,Historical-data-driven workflow,yes,no,no
Shao201858,2018,Kriging Empirical Mode Decomposition via support vector machine learning technique for autonomous operation diagnosing of CHP in microgrid,B02_gp_kriging,yes,11,yes,GP / kriging,Exogenous inputs; Objective values,,,,,,Not explicitly identified,no,no,no
Amjady2017,2017,"Short term wind power prediction based on improved kriging interpolation, Empirical Mode Decomposition, and closed-loop forecasting engine",B02_gp_kriging,yes,15,yes,GP / kriging,Exogenous inputs,Predictive-error based,Historical data,,,Point metrics,Historical-data-driven workflow,no,yes,no
Ghosh2023,2023,Decomposition-Transformation Assisted Optimized Heterogeneous Classification Strategy in NILM,B05_tree_ensembles,yes,9,yes,Tree ensembles,,,,Active learning,P2 acceleration,,Not explicitly identified,no,no,no
Zhang2025__4,2025,An Accelerated Approach to Time-Sequential Production Simulation for Integrated Generation-Grid-Storage Systems Combining Benders Decomposition and Data-Driven Methods,B02_gp_kriging,yes,6,yes,GP / kriging,Decisions / solution-related objects; Physical states or constraints,,,,P4 decomposition,Problem UQ,Not explicitly identified,no,no,no
Shi2024__2,2024,Load forecasting for regional integrated energy system based on complementary ensemble empirical mode decomposition and multi-model fusion,B02_gp_kriging,yes,31,yes,Neural network; RBF / kernel,Exogenous inputs,Predictive-error based,Historical data,,,Point metrics,Historical-data-driven workflow,no,yes,no
abbas_optimal_2024,2024,Optimal scheduling and management of grid-connected distributed resources using improved decomposition-based many-objective evolutionary algorithm,B14_decomposition,yes,22,yes,,,,,,,Feasibility,Not explicitly identified,no,no,no
Gruosso2020618,2020,Joined Probabilistic Load Flow and Sensitivity Analysis of Distribution Networks Based on Polynomial Chaos Method,B03_pce_response_surface,yes,8,yes,,Physical states or constraints; Probability distributions / chance-constraint terms,Predictive-error based,,Quasi-Monte Carlo / sparse-grid collocation,,Point metrics; Problem UQ,Not explicitly identified,no,no,no
Sun20191497,2019,A two-step short-term probabilistic wind forecasting methodology based on predictive distribution optimization,B04_rbf_kernel,yes,8,yes,RBF / kernel,Exogenous inputs,Posterior uncertainty; Predictive-error based,Historical data,,,Point metrics,Historical-data-driven workflow,no,yes,no
Buchanan2024,2024,Probabilistic lithium-ion battery state-of-health prediction using convolutional neural networks and Gaussian process regression,B02_gp_kriging,yes,12,yes,GP / kriging,Exogenous inputs; Probability distributions / chance-constraint terms,Predictive-error based,,Transfer learning,P5 uncertainty,Point metrics; Problem UQ,Not explicitly identified,yes,yes,no
Abedinia20161511,2016,Short-term load forecast of electrical power system by radial basis function neural network and new stochastic search algorithm,B04_rbf_kernel,no,0,yes,RBF / kernel,Exogenous inputs,,,,,,Not explicitly identified,no,no,no
Zhu2022,2022,Uncertainty and sensitivity analysis of cooling and heating loads for building energy planning,B02_gp_kriging,yes,16,yes,GP / kriging,,,,Latin hypercube sampling,P5 uncertainty,Problem UQ,Not explicitly identified,yes,no,no
Azevedo2021630,2021,Influence of model calibration and optimization techniques on the evaluation of thermal comfort and retrofit measures of a Lisbon household using building energy simulation,B16_validation,no,0,yes,,,,,,,,Not explicitly identified,no,no,no
Khazeiynasab2021,2021,PMU Measurement Based Generator Parameter Calibration by Black-Box Optimization with A Stochastic Radial Basis Function Surrogate Model,B03_pce_response_surface,yes,5,yes,RBF / kernel,Objective values,,,,,,Not explicitly identified,no,no,no
Zhang2025__7,2025,Parameter optimization calibration of low-pressure fuel cell energy system based on adaptive response surface algorithm,B02_gp_kriging,yes,9,yes,PCE / RSM,,,Synthetic data,Factorial / response-surface design; Latin hypercube sampling,,,Simulation-driven workflow,no,no,yes
Ullah20255970,2025,Optimized Neuro-Adaptive Third-Order Sliding Mode Control With High-Gain Differentiator for Enhanced Photovoltaic System Performance: Simulation and Experimental Validation,B04_rbf_kernel,yes,20,yes,RBF / kernel,,Predictive-error based,,,,Point metrics,Not explicitly identified,no,no,no
Liang2024__2,2024,Expert knowledge data-driven based actor–critic reinforcement learning framework to solve computationally expensive unit commitment problems with uncertain wind energy,B17_ed_uc,yes,14,yes,Neural network; Tree ensembles,Decisions / solution-related objects; Objective values,,Historical data,,P5 uncertainty,Feasibility,Historical-data-driven workflow,yes,no,no
Huotari2020,2020,Hybrid ship unit commitment with demand prediction and model predictive control,B02_gp_kriging,no,0,yes,,,,Historical data,,,,Historical-data-driven workflow,no,no,no
Wang2022812,2022,A Data-Driven Uncertainty Quantification Method for Stochastic Economic Dispatch,B03_pce_response_surface,yes,4,yes,PCE / RSM,Probability distributions / chance-constraint terms,,,,P5 uncertainty,Problem UQ,Not explicitly identified,no,no,no
Pan20244422,2024,Reliability-Constrained Economic Dispatch With Analytical Formulation of Operational Risk Evaluation,B03_pce_response_surface,yes,15,yes,PCE / RSM,Probability distributions / chance-constraint terms,,,,P4 decomposition,,Not explicitly identified,no,no,no
Li20191438,2019,Compressive Sensing Based Stochastic Economic Dispatch with High Penetration Renewables,B03_pce_response_surface,yes,12,yes,PCE / RSM,Physical states or constraints,Predictive-error based,,Quasi-Monte Carlo / sparse-grid collocation,P5 uncertainty,Feasibility; Point metrics,Not explicitly identified,yes,yes,no
Yan2019625,2019,Analytical Iterative Multistep Interval Forecasts of Wind Generation Based on TLGP,B02_gp_kriging,yes,11,yes,GP / kriging,Exogenous inputs,Predictive-error based,Historical data,,,Interval calibration; Point metrics; Problem UQ,Historical-data-driven workflow,no,yes,no
Angizeh2023134995,2023,Impact Assessment Framework for Grid Integration of Energy Storage Systems and Renewable Energy Sources Toward Clean Energy Transition,B02_gp_kriging,yes,9,yes,GP / kriging,Exogenous inputs; Probability distributions / chance-constraint terms,,,,,,Not explicitly identified,no,no,no
Kanwal2018117,2018,Support vector machine and Gaussian process regression based modeling for photovoltaic power prediction,B02_gp_kriging,yes,4,yes,GP / kriging,,Predictive-error based,,,,Point metrics,Not explicitly identified,no,no,no
Oyedeji2023,2023,Computational Models for Forecasting Electric Vehicle Energy Demand,B02_gp_kriging,no,0,yes,GP / kriging,,Predictive-error based,,Active learning,P2 acceleration,Point metrics,Not explicitly identified,yes,no,no
Mahapatra2022721,2022,Constrained optimal power flow and optimal TCSC allocation using hybrid cuckoo search and ant lion optimizer,B04_rbf_kernel,yes,12,yes,RBF / kernel,Physical states or constraints,,,,,,Not explicitly identified,no,no,no
Mahapatra20161921,2016,Hybrid technique for optimal location and cost sizing of thyristor controlled series compensator to upgrade voltage stability,B04_rbf_kernel,yes,7,yes,RBF / kernel,Physical states or constraints,Predictive-error based,,,,Point metrics,Not explicitly identified,no,yes,no
De Keyser20179702,2017,Convex mapping formulations enabling optimal power split and design of the electric drivetrain in all-electric vehicles,B18_opf,no,0,yes,,,,,,,,Not explicitly identified,no,no,no
Mitrovic2023__2,2023,Fast Data-Driven Chance Constrained AC-OPF Using Hybrid Sparse Gaussian Processes,B02_gp_kriging,yes,6,yes,GP / kriging,Objective values; Physical states or constraints; Probability distributions / chance-constraint terms,Predictive-error based,Historical data; Synthetic data,,P5 uncertainty,Feasibility; Point metrics; Problem UQ,Hybrid model-coupled workflow,yes,yes,no
Mitrovic2023__3,2023,GP CC-OPF: Gaussian Process based optimization tool for Chance-Constrained Optimal Power Flow[Formula presented],B02_gp_kriging,yes,3,yes,GP / kriging,Physical states or constraints; Probability distributions / chance-constraint terms,,Synthetic data,,P5 uncertainty,,Simulation-driven workflow,no,no,no
Lei20247417,2024,Surrogate Formulation for Chance-Constrained DC Optimal Power Flow With Affine Control Policy,B07_constraint_aware,yes,4,yes,GP / kriging,Physical states or constraints; Probability distributions / chance-constraint terms,,Historical data,,P5 uncertainty,Feasibility,Historical-data-driven workflow,yes,no,no
Wu2021__2,2021,Hybrid Improved Bird Swarm Algorithm with Extreme Learning Machine for Short-Term Power Prediction in Photovoltaic Power Generation System,B04_rbf_kernel,yes,9,yes,GP / kriging,,Predictive-error based,,,,Point metrics,Not explicitly identified,no,no,no
Zhou2022__2,2022,Bi-level framework for microgrid capacity planning under dynamic wireless charging of electric vehicles,B19_capacity_expansion,no,0,yes,RBF / kernel,Objective values,,,,P1 replacement,,Not explicitly identified,no,no,no
Kim2021,2021,Probabilistic modeling of wind energy potential for power grid expansion planning,B02_gp_kriging,yes,11,yes,GP / kriging,Exogenous inputs; Probability distributions / chance-constraint terms,Predictive-error based,Historical data,,,Point metrics; Problem UQ,Historical-data-driven workflow,no,yes,no
Pérez-Uresti2023,2023,Strategic investment planning for the hydrogen economy – A mixed integer non-linear framework for the development and capacity expansion of hydrogen supply chain networks,B19_capacity_expansion,yes,15,yes,,,,,,,,Not explicitly identified,no,no,no
Shi2026,2026,Wind-Solar-Storage Transmission Expansion Planning With Reinforcement Learning Framework Based on Gaussian Process Regression,B02_gp_kriging,no,0,yes,GP / kriging,Objective values,,,,,,Not explicitly identified,no,no,no
Yang2025,2025,Adaptive multi-objective Bayesian optimization approach for capacity planning of the interconnected offshore wind farms,B05_tree_ensembles,yes,13,yes,GP / kriging,,,Historical data,Active learning,P2 acceleration,Decision-aware,Historical-data-driven workflow,yes,no,yes
Simonson202036,2020,Probabilistic Modeling of Thermal Grids using Gaussian Processes,B02_gp_kriging,no,0,yes,GP / kriging,,,,Active learning,P2 acceleration,,Not explicitly identified,no,no,no
Weinberger2018555,2018,Investigating influential techno-economic factors for combined heat and power production using optimization and metamodeling,B20_district_heating,yes,15,yes,,,,,,,,Not explicitly identified,no,no,no
Roy2023,2023,Multi-objective optimization of biomass gasification based combined heat and power system employing molten carbonate fuel cell and externally fired gas turbine,B03_pce_response_surface,no,0,yes,PCE / RSM,,,,Factorial / response-surface design,,,Not explicitly identified,no,no,no
Ahlström2022596,2022,The role of biomass gasification in the future flexible power system – BECCS or CCU?,B21_mes_sector_coupling,no,0,yes,,,,,,,,Not explicitly identified,no,no,no
Qi2023,2023,Strategies for flexible operation of power-to-X processes coupled with renewables,B21_mes_sector_coupling,no,0,yes,,,,,,P2 acceleration,,Not explicitly identified,no,no,no
Walden2023,2023,"Nonlinear operational optimization of an industrial power-to-heat system with a high temperature heat pump, a thermal energy storage and wind energy",B21_mes_sector_coupling,no,0,yes,,,,,,,,Not explicitly identified,no,no,no
Rixhon2021,2021,The role of electrofuels under uncertainties for the belgian energy transition,B03_pce_response_surface,yes,19,yes,PCE / RSM,Objective values; Probability distributions / chance-constraint terms,,,,P5 uncertainty,,Not explicitly identified,no,no,no
Assareh2023,2023,"Performance analysis of solar-assisted-geothermal combined cooling, heating, and power (CCHP) systems incorporated with a hydrogen generation subsystem",B03_pce_response_surface,no,0,yes,,,,,Factorial / response-surface design,,,Not explicitly identified,no,no,no
Zhang2022__2,2022,Development and comparative selection of surrogate models using artificial neural network for an integrated regenerative transcritical cycle,B06_neural_surrogates,no,0,yes,Neural network,,,,,,,Not explicitly identified,no,no,no
Xu20184696,2018,Maximum Loadability of Islanded Microgrids With Renewable Energy Generation,B03_pce_response_surface,yes,9,yes,PCE / RSM,Probability distributions / chance-constraint terms,,,Quasi-Monte Carlo / sparse-grid collocation,P5 uncertainty,,Not explicitly identified,no,no,no
Gan2021695,2021,Data-Driven Energy Management System with Gaussian Process Forecasting and MPC for Interconnected Microgrids,B02_gp_kriging,yes,8,yes,GP / kriging,,Predictive-error based,Historical data,,,Point metrics,Historical-data-driven workflow,no,no,no
Chaturvedi2024149,2024,Reinforcement Learning-Based Integrated Control to Improve the Efficiency of DC Microgrids,B06_neural_surrogates,yes,11,yes,Neural network,,,,,,,Not explicitly identified,no,no,no
Prusty2025,2025,An improved moth swarm algorithm based fractional order type-2 fuzzy PID controller for frequency regulation of microgrid system,B02_gp_kriging,no,0,yes,GP / kriging,,,,,,,Not explicitly identified,no,no,no
Kiani20253021,2025,Learning Robust Model Predictive Control for Voltage Control of Islanded Microgrid,B02_gp_kriging,yes,10,yes,GP / kriging,,,,,,Problem UQ,Not explicitly identified,no,no,no
Hussien20226442,2022,Coot Bird Algorithms-Based Tuning PI Controller for Optimal Microgrid Autonomous Operation,B03_pce_response_surface,yes,14,yes,PCE / RSM,,,Synthetic data,Factorial / response-surface design,P2 acceleration,,Simulation-driven workflow,no,no,yes
Cao2023__2,2023,Co-optimization of multiple virtual power plants considering electricity-heat-carbon trading: A Stackelberg game strategy,B22_microgrid_hub,yes,19,yes,GP / kriging,,,,Latin hypercube sampling,P1 replacement,,Not explicitly identified,no,no,no
Liang20222192,2022,Stochastic Optimal Energy Storage Management for Energy Routers Via Compressive Sensing,B03_pce_response_surface,yes,11,yes,PCE / RSM,Probability distributions / chance-constraint terms,,,,,,Not explicitly identified,no,no,no
Zhang20234075,2023,Surrogated-assisted multimodal multi-objective optimization for hybrid renewable energy system,B02_gp_kriging,yes,13,yes,GP / kriging,Objective values,,,,P2 acceleration,,Not explicitly identified,no,no,no
Bian202224179,2022,"Energy, exergy, economy analysis, and multi-objective optimization of a novel integrated energy system by combining artificial neural network and whale optimization algorithm",B06_neural_surrogates,no,0,yes,Neural network,,,,,,,Not explicitly identified,no,no,no
Ata2025,2025,"Comprehensive evaluation of a gas turbine-based multi-generation system for power, heating, cooling, freshwater, hydrogen and ammonia: 4E assessment and multi-objective optimization with RSM desirability approach",B03_pce_response_surface,no,0,yes,PCE / RSM,Objective values,,,Factorial / response-surface design,,,Not explicitly identified,no,no,no
Hussien202415075,2024,Hybrid Transient Search Algorithm With Levy Flight for Optimal PI Controllers of Islanded Microgrids,B03_pce_response_surface,yes,16,yes,PCE / RSM,Objective values,,Synthetic data,Factorial / response-surface design,P2 acceleration,,Simulation-driven workflow,no,no,yes
Liang2024__3,2024,Risk-based distributionally robust optimal dispatch for multiple cascading failures in regional integrated energy system using surrogate modeling,B15_uncertainty,no,0,yes,,Probability distributions / chance-constraint terms,,,,P5 uncertainty,,Not explicitly identified,no,no,no
Hussien202190577,2021,LMSRE-based adaptive pi controller for enhancing the performance of an autonomous operation of microgrids,B03_pce_response_surface,yes,8,yes,PCE / RSM,Objective values,Predictive-error based,Synthetic data,Factorial / response-surface design,P2 acceleration,Point metrics,Simulation-driven workflow,yes,yes,yes
Dong2024,2024,Design and optimal scheduling of forecasting-based campus multi-energy complementary energy system,B21_mes_sector_coupling,yes,13,yes,Neural network,,Predictive-error based,Historical data,,,Point metrics,Historical-data-driven workflow,no,no,no
Salahinezhad2025,2025,Trade-off analysis for optimal design of trigeneration energy systems integrated with solar and hydrogen subsystems: A novel optimization strategy,B03_pce_response_surface,yes,21,yes,PCE / RSM,,Predictive-error based,,Factorial / response-surface design,P1 replacement,Point metrics,Not explicitly identified,yes,no,no
Cao2017,2017,Multi-objective optimization of preplanned microgrid islanding based on stochastic short-term simulation,B03_pce_response_surface,no,0,yes,PCE / RSM,,,Synthetic data,Factorial / response-surface design,,,Simulation-driven workflow,no,no,yes
Dong2023__2,2023,Robust optimal scheduling for integrated energy systems based on multi-objective confidence gap decision theory,B03_pce_response_surface,yes,16,yes,,Objective values,,,,P5 uncertainty,Problem UQ,Not explicitly identified,no,no,no
Lalitha20231401,2023,Multi-objective approach for protection of microgrids using surrogate assisted particle swarm optimization (SAPSO),B12_bayes_accel,yes,12,yes,GP / kriging,Objective values,,,Active learning,P2 acceleration,,Not explicitly identified,no,no,no
Cuzner2018,2018,Power Conversion and Distribution Equipment Metamodels for Dependable Design of Shipboard Integrated Power and Energy Systems,B21_mes_sector_coupling,no,0,yes,,,,,,,,Not explicitly identified,no,no,no
Perera2017187,2017,Optimum design of distributed energy hubs using hybrid surrogate models (HSM),B21_mes_sector_coupling,yes,16,yes,GP / kriging,Probability distributions / chance-constraint terms,,,,P2 acceleration,Problem UQ,Not explicitly identified,no,no,no
tezer_multi-objective_2025,2025,Multi-objective optimization of hybrid renewable energy systems with green hydrogen integration and hybrid storage strategies,B21_mes_sector_coupling,yes,23,yes,PCE / RSM,,,,,,,Not explicitly identified,no,no,no
tian_building_2025,2025,Building design and operation multi-objective optimization: Energy costs vs. Emissions,B06_neural_surrogates,yes,15,yes,,,Predictive-error based,,Latin hypercube sampling,,Point metrics,Not explicitly identified,no,no,no
chen_multi-objective_2025-1,2025,Multi-objective optimization of multi-energy complementary systems integrated biomass-solar-wind energy utilization in rural areas,B21_mes_sector_coupling,yes,19,yes,,,,,,,,Not explicitly identified,no,no,no
bian_multi-energy_2025,2025,Multi-energy Complementary Planning for Regional Integrated Energy System Considering Flexibility and Economy,B21_mes_sector_coupling,no,0,yes,,,,,,,,Not explicitly identified,no,no,no
cortes-caicedo_multi-objective_2025,2025,A multi-objective optimization approach based on the Non-Dominated Sorting Genetic Algorithm {II} for power coordination in battery energy storage systems for {DC} distribution network applications,B23_moo_design,yes,15,yes,,,,Historical data,,,Decision-aware,Historical-data-driven workflow,no,no,no
alahmad_enhancing_2025,2025,Enhancing renewable energy integration through strategic stochastic optimization planning of distributed energy resources (Wind/{PV}/{SBESS}/{MBESS}) in distribution systems,B23_moo_design,yes,32,yes,,,,Historical data,,,,Historical-data-driven workflow,no,no,no
alahmad_optimizing_2025,2025,Optimizing renewable energy and green technologies in distribution systems through stochastic planning of distributed energy resources,B23_moo_design,yes,32,yes,Neural network,,,Historical data,,,Decision-aware,Historical-data-driven workflow,no,no,no
ali_optimizing_2025,2025,Optimizing Hydrogen Systems and Demand Response for Enhanced Integration of {RES} and {EVs} in Smart Grids,B21_mes_sector_coupling,yes,11,yes,,,,Historical data,,,,Historical-data-driven workflow,no,no,no
an_multi-objective_2025,2025,Multi-objective optimization for optimal placement of shared battery energy storage systems in urban energy communities,B22_microgrid_hub,yes,13,yes,,,,,,,,Not explicitly identified,no,no,no
anoune_microgrid_2025,2025,Microgrid Optimization Using a Developed Model of Genetic Algorithm Under {MATLAB},B22_microgrid_hub,no,0,yes,,,,,,,,Not explicitly identified,no,no,no
bagheri_miqcp-based_2025,2025,An {MIQCP}-based multi-objective optimal operation strategy for renewables-integrated smart distribution systems considering transformer loss of life and environmental emissions,B06_neural_surrogates,yes,10,yes,,,,,,,Problem UQ,Not explicitly identified,no,no,no
bendriss_novel_2025,2025,A novel improved Frilled Lizard algorithm for solving the optimal planning problem of renewable energy sources within distribution grids under uncertainties,B23_moo_design,yes,17,yes,Neural network,,,Historical data,,,Problem UQ,Historical-data-driven workflow,no,no,no
Roy2020,2020,Performance evaluation of a novel biomass-based hybrid energy system employing optimisation and multi-criteria decision-making techniques,B03_pce_response_surface,no,0,yes,PCE / RSM,,Predictive-error based,,Factorial / response-surface design,P2 acceleration,Point metrics,Not explicitly identified,yes,no,no
Han2024,2024,Hierarchical robust Day-Ahead VPP and DSO coordination based on local market to enhance distribution network voltage stability,B02_gp_kriging,yes,14,yes,GP / kriging,,Predictive-error based,Historical data,,,Point metrics; Problem UQ,Historical-data-driven workflow,no,no,no
Zhang2024821,2024,Tractable Data Enriched Distributionally Robust Chance-Constrained Conservation Voltage Reduction,B02_gp_kriging,yes,15,yes,GP / kriging,,,Historical data,,P5 uncertainty,Feasibility,Historical-data-driven workflow,yes,no,no
Zhang20203731,2020,Two-Stage Optimal Operation Strategy of Isolated Microgrid with TSK Fuzzy Identification of Supply Security,B04_rbf_kernel,yes,13,yes,RBF / kernel,,,,Transfer learning,P1 replacement,Feasibility,Not explicitly identified,yes,no,no
Pourmohammadi2023,2023,Robust metamodel-based simulation-optimization approaches for designing hybrid renewable energy systems,B03_pce_response_surface,yes,16,yes,PCE / RSM,,,Historical data,Factorial / response-surface design,P5 uncertainty,Problem UQ,Historical-data-driven workflow,yes,no,yes
Yang2024__2,2024,Data-driven robust optimization scheduling for microgrid day-ahead to intra-day operations based on renewable energy interval prediction,B03_pce_response_surface,yes,18,yes,GP / kriging,Objective values,Predictive-error based,Historical data,,P5 uncertainty,Point metrics; Problem UQ; Stress test,Historical-data-driven workflow,yes,yes,no
Venkatakrishnan2022,2022,Optimally manage the energy between electric vehicle charging stations and electricity distribution system: A hybrid technique,B04_rbf_kernel,no,0,yes,RBF / kernel,,,,,,,Not explicitly identified,no,no,no
Uhrich2026211,2026,A Metamodeling Framework for Accelerated Energy Market Optimization Using Active Learning,B10_doe_active_learning,no,0,yes,,Exogenous inputs,Predictive-error based,,Active learning,,Point metrics,Not explicitly identified,no,no,no
Lu2025740,2025,Advanced Probabilistic Transient Stability Assessment for Operational Planning: A Physics-Informed Graphical Learning Approach,B08_hybrid_pinn,no,0,yes,,Physical states or constraints,Physics-guided,,,,,Not explicitly identified,no,no,no
Franzoso2025,2025,Deep reinforcement learning as a tool for the analysis and optimization of energy flows in multi-energy systems,B06_neural_surrogates,yes,18,yes,,Decisions / solution-related objects,Decision-oriented,,,P3 solution proxy,Problem UQ,Not explicitly identified,no,no,no
Ren20252375,2025,Hybrid Model-Driven and Data-Driven Surrogate-Assisted Method for Transient Stability Preventive Control,B08_hybrid_pinn,no,0,yes,,,,,,,,Not explicitly identified,no,no,no
Tian2025,2025,EDformer family: End-to-end multi-task load forecasting frameworks for day-ahead economic dispatch,B06_neural_surrogates,no,0,yes,,Decisions / solution-related objects; Exogenous inputs,Decision-oriented; Predictive-error based,Historical data,,P3 solution proxy,Point metrics,Historical-data-driven workflow,no,no,no
Yang20251813,2025,Energy-efficient edge intelligence for task-dependency MEC power grid networks,B09_decision_focused_l2o,no,0,yes,,Decisions / solution-related objects,Decision-oriented,,,P3 solution proxy,,Not explicitly identified,no,no,no
Cestero2025,2025,Optimizing energy management of smart grid using reinforcement learning aided by surrogate models built using physics-informed neural networks,B06_neural_surrogates,no,0,yes,Neural network,Physical states or constraints,Physics-guided,,,,,Not explicitly identified,no,yes,no
Prasad2025,2025,Active and Reactive Power Control in Three-Phase Grid-Connected Electric Vehicles using Zebra Optimization Algorithm and Multimodal Adaptive Spatio-Temporal Graph Neural Network,B04_rbf_kernel,no,0,yes,Neural network,Physical states or constraints,Physics-guided,,,,,Not explicitly identified,no,yes,no
Karantoumanis2025377,2025,Optimizing concentrated solar power plants using adaptive sampling-based derivative-free algorithms,B10_doe_active_learning,no,0,yes,,,,,Adaptive sampling,P2 acceleration,,Not explicitly identified,no,no,no
Wang2024__2,2024,A method to bridge energy and process system optimization: Identifying the feasible operating space for a methanation process in power-to-gas energy systems,B07_constraint_aware,no,0,yes,,,,,,,,Not explicitly identified,no,no,no
Moradi2024108,2024,Learning to optimize power allocation in cell-free massive MIMO networks with hybrid green energy,B06_neural_surrogates,no,0,yes,,Decisions / solution-related objects,Decision-oriented,,,P3 solution proxy,,Not explicitly identified,no,no,no
Chi2024,2024,Hybrid model-data-driven dynamic VAR planning for wind-penetrated power system using spectral surrogate techniques,B08_hybrid_pinn,no,0,yes,,,,,,,,Not explicitly identified,no,no,no
liang_high_2024,2024,High fidelity modeling of pumped storage units for optimal operation of a multi-energy co-generation system,B11_multi_fidelity,yes,15,yes,,,,Historical data,,,,Historical-data-driven workflow,no,no,no
Rizqi2023,2023,Green energy mix modeling under supply uncertainty: Hybrid system dynamics and adaptive PSO approach,B09_decision_focused_l2o,no,0,yes,,Decisions / solution-related objects,Decision-oriented,,,P3 solution proxy,,Not explicitly identified,no,no,no
Chung2023,2023,MULTI-FIDELITY MODELING FOR DYNAMIC POWER CONTROL AND OPTIMIZATION OF NUCLEAR-RENEWABLE HYBRID ENERGY SYSTEMS,B02_gp_kriging,no,0,yes,GP / kriging,,,,Multi-fidelity training,,,Not explicitly identified,no,no,no
Chen2022__2,2022,OPTIMIZATION OF CORE PARAMETERS BASED ON ARTIFICIAL NEURAL NETWORK SURROGATE MODEL,B06_neural_surrogates,no,0,yes,Neural network,,,,,,,Not explicitly identified,no,no,no
Van Acker2022,2022,General polynomial chaos in the current–voltage formulation of the optimal power flow problem,B03_pce_response_surface,yes,6,yes,PCE / RSM,Physical states or constraints; Probability distributions / chance-constraint terms,,,,P5 uncertainty,Problem UQ,Not explicitly identified,no,no,no
Yang2022,2022,Bayesian optimization for effective thermal conductivity measurement of thermal energy storage: An experimental and numerical approach,B02_gp_kriging,no,0,yes,GP / kriging,,Predictive-error based,,Active learning,P2 acceleration,Point metrics,Not explicitly identified,yes,no,no
Dong2022197,2022,Surrogate-Assisted Cooperation Control of Network-Connected Doubly Fed Induction Generator Wind Farm with Maximized Reactive Power Capacity,B12_bayes_accel,no,0,yes,,,,,,,,Not explicitly identified,no,no,no
Lei2022,2022,Data-driven assisted chance-constrained energy and reserve scheduling with wind curtailment,B07_constraint_aware,no,0,yes,,Probability distributions / chance-constraint terms,,,,P5 uncertainty,,Not explicitly identified,no,no,no
Guo202115024,2021,An Alternative Learning-Based Approach for Economic Dispatch in Smart Grid,B06_neural_surrogates,yes,13,yes,Neural network,,Predictive-error based,,,P3 solution proxy,Point metrics,Not explicitly identified,no,no,no
García-Nieto20216627,2021,A new hybrid model to foretell thermal power efficiency from energy performance certificates at residential dwellings applying a Gaussian process regression,B02_gp_kriging,no,0,yes,GP / kriging,,Predictive-error based,,,,Point metrics,Not explicitly identified,no,no,no
Lin2021,2021,A Novel Hybrid Models Based on Gaussian Process Regression for Short-Term Wind Power Forecasting,B02_gp_kriging,no,0,yes,GP / kriging,Exogenous inputs,,,Active learning,P2 acceleration,,Not explicitly identified,no,no,no
Xu20203127,2020,An efficient multifidelity model for assessing risk probabilities in power systems under rare events,B03_pce_response_surface,no,0,yes,PCE / RSM,Physical states or constraints; Probability distributions / chance-constraint terms,,,Multi-fidelity training,,,Not explicitly identified,no,no,no
Goudarzi2017667,2017,Smart real-time scheduling of generating units in an electricity market considering environmental aspects and physical constraints of generators,B04_rbf_kernel,yes,28,yes,RBF / kernel,Exogenous inputs; Objective values,Predictive-error based,Historical data,,P4 decomposition,Point metrics,Historical-data-driven workflow,yes,yes,no
