"cite_key","title","family","doe","validation","pattern_score","pattern_runner_up","pattern_evidence_snippet"
"Su2022315","Deep Belief Network Enabled Surrogate Modeling for Fast Preventive Control of Power System Transient Stability","Neural network","Latin hypercube sampling","Problem UQ","0","P2 acceleration",""
"Li2023","A novel method of creating machine learning-based time series meta-models for building energy analysis","Tree ensembles","Latin hypercube sampling","Point metrics","0","P2 acceleration",""
"Wang2020202933","Optimal Scheduling for Integrated Energy System Considering Scheduling Elasticity of Electric and Thermal Loads","PCE / RSM","Latin hypercube sampling","Decision-aware","0","P2 acceleration",""
"Sami20181416","Thermal properties optimization of microencapsulated a renewable and non-toxic phase change material with a polystyrene shell for thermal energy storage systems","PCE / RSM","Factorial / response-surface design","Point metrics","0","P2 acceleration",""
"Ahmad202451","Parametric analysis of wastewater electrolysis for green hydrogen production: A combined RSM, genetic algorithm, and particle swarm optimization approach","PCE / RSM","Factorial / response-surface design","Point metrics","0","P2 acceleration",""
"Hu2020","Uncertainty quantification in stochastic economic dispatch using Gaussian process emulation","GP / kriging","Latin hypercube sampling","Problem UQ","0","P2 acceleration",""
"Safta20172535","Efficient Uncertainty Quantification in Stochastic Economic Dispatch","PCE / RSM","Historical operational data","Problem UQ","10","P5 uncertainty",""
"Jahangiri20244849","A machine learning approach to analysis of Canadian provincial power system decarbonization","Neural network","Historical operational data","Point metrics","0","P2 acceleration",""
"Fu20202904","Statistical Machine Learning Model for Stochastic Optimal Planning of Distribution Networks Considering a Dynamic Correlation and Dimension Reduction","PCE / RSM","Latin hypercube sampling","Problem UQ","0","P2 acceleration",""
"Koschwitz2018134","Data-driven heating and cooling load predictions for non-residential buildings based on support vector machine regression and NARX Recurrent Neural Network: A comparative study on district scale","RBF / kernel","Historical operational data","Point metrics","0","P2 acceleration",""
"Faraji2020157284","Optimal day-ahead self-scheduling and operation of prosumer microgrids using hybrid machine learning-based weather and load forecasting","Neural network","Historical operational data","Point metrics","0","P2 acceleration",""
"Nematollahi2021","Sizing and sitting of DERs in active distribution networks incorporating load prevailing uncertainties using probabilistic approaches","GP / kriging","Historical operational data","Problem UQ","0","P2 acceleration",""
"Wang20192635","Neural networks for power management optimal strategy in hybrid microgrid","RBF / kernel","Historical operational data","Point metrics","0","P2 acceleration",""
"Dong2022","Optimization strategy based on robust model predictive control for RES-CCHP system under multiple uncertainties","GP / kriging","Historical operational data","Interval calibration","0","P2 acceleration",""
"Tian2020","Short-term wind speed prediction based on LMD and improved FA optimized combined kernel function LSSVM","RBF / kernel","Historical operational data","Point metrics","0","P2 acceleration",""
"Yang2020415","A novel competitive swarm optimized RBF neural network model for short-term solar power generation forecasting","RBF / kernel","Historical operational data","Point metrics","0","P2 acceleration",""
"Shi2024","Short-term Load Forecasting Considering EV Charging Loads with Prediction Interval Evaluation","GP / kriging","Historical operational data","Interval calibration","0","P2 acceleration",""
"Lin2023","Data-driven method of solving computationally expensive combined economic/emission dispatch problems in large-scale power systems: an improved kriging-assisted optimization approach","GP / kriging","Adaptive sampling","Point metrics","0","P2 acceleration",""
"Hu2021671","A Bayesian Approach for Estimating Uncertainty in Stochastic Economic Dispatch Considering Wind Power Penetration","GP / kriging","Latin hypercube sampling","Problem UQ","0","P2 acceleration",""
"Zhang2019270","Wind speed prediction method using Shared Weight Long Short-Term Memory Network and Gaussian Process Regression","GP / kriging","Transfer learning","Interval calibration","0","P2 acceleration",""
"Babaeiyazdi2021","State of charge prediction of EV Li-ion batteries using EIS: A machine learning approach","GP / kriging","Historical operational data","Point metrics","0","P2 acceleration",""
"Karamichailidou20212137","Wind turbine power curve modeling using radial basis function neural networks and tabu search","RBF / kernel","Historical operational data","Point metrics","0","P2 acceleration",""
"Sánchez-Zabala2024","Building energy performance metamodels for district energy management optimisation platforms","Tree ensembles","Historical operational data","Point metrics","0","P2 acceleration",""
"Du2025","Development of a robust data-driven surrogate model to improve energy flexibility of an integrated district heating system with a thermal storage system","Neural network","Historical operational data","Point metrics","0","P2 acceleration",""
"Reich2020","Predictive control of district heating system using multi-stage nonlinear approximation with selective memory","GP / kriging","Historical operational data","Decision-aware","0","P2 acceleration",""
"Wu2024391","Synergistic Integration of Machine Learning and Mathematical Optimization for Unit Commitment","Neural network","Historical operational data","Feasibility","0","P2 acceleration",""
"De Castro20247710","Multi-Fidelity Reinforcement Learning for Minimum Energy Trajectory Planning","GP / kriging","Multi-fidelity training","Point metrics","0","P2 acceleration",""
"Subedi2026157","Dynamic Validation of CNN-Based Surrogate Models for Inverter-Based Resources in Open-Source Solvers","Neural network","Transfer learning","Point metrics","0","P2 acceleration",""
"Amjady2017","Short term wind power prediction based on improved kriging interpolation, Empirical Mode Decomposition, and closed-loop forecasting engine","GP / kriging","Historical operational data","Point metrics","0","P2 acceleration",""
"Sun20191497","A two-step short-term probabilistic wind forecasting methodology based on predictive distribution optimization","RBF / kernel","Historical operational data","Point metrics","0","P2 acceleration",""
"Buchanan2024","Probabilistic lithium-ion battery state-of-health prediction using convolutional neural networks and Gaussian process regression","GP / kriging","Transfer learning","Problem UQ","0","P2 acceleration",""
"Yan2019625","Analytical Iterative Multistep Interval Forecasts of Wind Generation Based on TLGP","GP / kriging","Historical operational data","Interval calibration","0","P2 acceleration",""
"Kim2021","Probabilistic modeling of wind energy potential for power grid expansion planning","GP / kriging","Historical operational data","Problem UQ","0","P2 acceleration",""
"Dong2024","Design and optimal scheduling of forecasting-based campus multi-energy complementary energy system","Neural network","Historical operational data","Point metrics","0","P2 acceleration",""
"Salahinezhad2025","Trade-off analysis for optimal design of trigeneration energy systems integrated with solar and hydrogen subsystems: A novel optimization strategy","PCE / RSM","Factorial / response-surface design","Point metrics","0","P2 acceleration",""
"alahmad_optimizing_2025","Optimizing renewable energy and green technologies in distribution systems through stochastic planning of distributed energy resources","Neural network","Historical operational data","Decision-aware","0","P2 acceleration",""
"bendriss_novel_2025","A novel improved Frilled Lizard algorithm for solving the optimal planning problem of renewable energy sources within distribution grids under uncertainties","Neural network","Historical operational data","Problem UQ","0","P2 acceleration",""
"Zhang20203731","Two-Stage Optimal Operation Strategy of Isolated Microgrid with TSK Fuzzy Identification of Supply Security","RBF / kernel","Transfer learning","Feasibility","0","P2 acceleration",""
"Yang2024__2","Data-driven robust optimization scheduling for microgrid day-ahead to intra-day operations based on renewable energy interval prediction","GP / kriging","Historical operational data","Stress test","0","P2 acceleration",""
